<?xml version='1.0' encoding='UTF-8' standalone='yes' ?><gpx version="1.0" xmlns="http://www.topografix.com/GPX/1/1" xmlns:xsi="http://www.w3.org/2001/XMLSchema-instance" xsi:schemaLocation="http://www.topografix.com/GPX/1/1 http://www.topografix.com/GPX/1/1/gpx.xsd"><name>20260824Correr al aire libre</name><desc>Export from Mi Fitness</desc><trk><extensions><totalDistance>5874</totalDistance><cumulativeClimb>0.0</cumulativeClimb><cumulativeDecrease>0.0</cumulativeDecrease></extensions><trkseg><trkpt lat="42.00801467895508" lon="-2.1897270679473877"><time>2026-08-24T20:38:58.000Z</time></trkpt><trkpt lat="42.00804631807366" lon="-2.189747633374467"><time>2026-08-24T20:38:59.000Z</time></trkpt><trkpt lat="42.008054175254685" lon="-2.1897522783910746"><time>2026-08-24T20:39:01.000Z</time></trkpt><trkpt lat="42.00805903626875" lon="-2.1897604821668333"><time>2026-08-24T20:39:02.000Z</time></trkpt><trkpt lat="42.008065861866264" lon="-2.1897684268930235"><time>2026-08-24T20:39:03.000Z</time></trkpt><trkpt lat="42.00807648259066" lon="-2.189776013647444"><time>2026-08-24T20:39:04.000Z</time></trkpt><trkpt lat="42.00809060874297" lon="-2.1897828619071618"><time>2026-08-24T20:39:05.000Z</time></trkpt><trkpt lat="42.00810676148578" lon="-2.189789220845147"><time>2026-08-24T20:39:06.000Z</time></trkpt><trkpt lat="42.00812460723073" lon="-2.1897958565757047"><time>2026-08-24T20:39:07.000Z</time></trkpt><trkpt lat="42.00814330587611" lon="-2.1898024280025656"><time>2026-08-24T20:39:08.000Z</time></trkpt><trkpt lat="42.00816191444649" lon="-2.1898087726974795"><time>2026-08-24T20:39:09.000Z</time></trkpt><trkpt lat="42.00818103611925" lon="-2.189814975069291"><time>2026-08-24T20:39:10.000Z</time></trkpt><trkpt lat="42.008200363093366" lon="-2.189821302138293"><time>2026-08-24T20:39:11.000Z</time></trkpt><trkpt lat="42.00821974218622" lon="-2.189827878351431"><time>2026-08-24T20:39:12.000Z</time></trkpt><trkpt lat="42.00823959318825" lon="-2.1898346311518297"><time>2026-08-24T20:39:13.000Z</time></trkpt><trkpt lat="42.00825953875822" lon="-2.1898412937834344"><time>2026-08-24T20:39:14.000Z</time></trkpt><trkpt lat="42.008279900964055" lon="-2.1898476761580343"><time>2026-08-24T20:39:15.000Z</time></trkpt><trkpt lat="42.008300269351615" lon="-2.1898538277624846"><time>2026-08-24T20:39:16.000Z</time></trkpt><trkpt lat="42.00832096369877" lon="-2.189859890396992"><time>2026-08-24T20:39:17.000Z</time></trkpt><trkpt lat="42.00834158425237" lon="-2.189866148082941"><time>2026-08-24T20:39:18.000Z</time></trkpt><trkpt lat="42.00836197585185" lon="-2.1898726315536896"><time>2026-08-24T20:39:19.000Z</time></trkpt><trkpt lat="42.00838259359332" lon="-2.189879140883098"><time>2026-08-24T20:39:20.000Z</time></trkpt><trkpt lat="42.00840310626483" lon="-2.1898856210166584"><time>2026-08-24T20:39:21.000Z</time></trkpt><trkpt lat="42.008423880558425" lon="-2.1898921754309804"><time>2026-08-24T20:39:22.000Z</time></trkpt><trkpt lat="42.00844503391131" lon="-2.1898991126133285"><time>2026-08-24T20:39:23.000Z</time></trkpt><trkpt lat="42.00846607642573" lon="-2.1899066022833367"><time>2026-08-24T20:39:24.000Z</time></trkpt><trkpt lat="42.00848731018201" lon="-2.189914796429574"><time>2026-08-24T20:39:25.000Z</time></trkpt><trkpt lat="42.008508345430705" lon="-2.1899238508315255"><time>2026-08-24T20:39:26.000Z</time></trkpt><trkpt lat="42.00852953674874" lon="-2.189933780433187"><time>2026-08-24T20:39:27.000Z</time></trkpt><trkpt lat="42.008550520520835" lon="-2.1899444178571086"><time>2026-08-24T20:39:28.000Z</time></trkpt><trkpt lat="42.00857166324693" lon="-2.1899555727230964"><time>2026-08-24T20:39:29.000Z</time></trkpt><trkpt lat="42.00859358507303" lon="-2.1899672838173134"><time>2026-08-24T20:39:30.000Z</time></trkpt><trkpt lat="42.008615951789004" lon="-2.1899794039201534"><time>2026-08-24T20:39:31.000Z</time></trkpt><trkpt lat="42.00863856865505" lon="-2.1899916363020533"><time>2026-08-24T20:39:32.000Z</time></trkpt><trkpt lat="42.008660833753815" lon="-2.1900039361510277"><time>2026-08-24T20:39:33.000Z</time></trkpt><trkpt lat="42.00868254434446" lon="-2.190016582359347"><time>2026-08-24T20:39:34.000Z</time></trkpt><trkpt lat="42.00870417771244" lon="-2.190029553527459"><time>2026-08-24T20:39:35.000Z</time></trkpt><trkpt lat="42.00872545072062" lon="-2.1900425237282444"><time>2026-08-24T20:39:36.000Z</time></trkpt><trkpt lat="42.008746782625934" lon="-2.1900551140528917"><time>2026-08-24T20:39:37.000Z</time></trkpt><trkpt lat="42.00876833853301" lon="-2.190067278411972"><time>2026-08-24T20:39:38.000Z</time></trkpt><trkpt lat="42.008789668076545" lon="-2.1900793279023305"><time>2026-08-24T20:39:39.000Z</time></trkpt><trkpt lat="42.00881110444511" lon="-2.190091466588575"><time>2026-08-24T20:39:40.000Z</time></trkpt><trkpt lat="42.008832281535426" lon="-2.1901035834591784"><time>2026-08-24T20:39:41.000Z</time></trkpt><trkpt lat="42.008853571462545" lon="-2.190115543793904"><time>2026-08-24T20:39:42.000Z</time></trkpt><trkpt lat="42.00887511299342" lon="-2.1901274346042645"><time>2026-08-24T20:39:43.000Z</time></trkpt><trkpt lat="42.00889644137334" lon="-2.1901392088458578"><time>2026-08-24T20:39:44.000Z</time></trkpt><trkpt lat="42.00891788216902" lon="-2.190150800904328"><time>2026-08-24T20:39:45.000Z</time></trkpt><trkpt lat="42.00893955503131" lon="-2.1901623601437414"><time>2026-08-24T20:39:46.000Z</time></trkpt><trkpt lat="42.00896147945102" lon="-2.1901742276954512"><time>2026-08-24T20:39:47.000Z</time></trkpt><trkpt lat="42.00898363116809" lon="-2.1901861678700074"><time>2026-08-24T20:39:48.000Z</time></trkpt><trkpt lat="42.00900597101817" lon="-2.190197798875629"><time>2026-08-24T20:39:49.000Z</time></trkpt><trkpt lat="42.00902845872547" lon="-2.190209339766395"><time>2026-08-24T20:39:50.000Z</time></trkpt><trkpt lat="42.00905154833644" lon="-2.1902212289294845"><time>2026-08-24T20:39:51.000Z</time></trkpt><trkpt lat="42.00907485997852" lon="-2.1902331737978407"><time>2026-08-24T20:39:52.000Z</time></trkpt><trkpt lat="42.00909820871016" lon="-2.1902450467329064"><time>2026-08-24T20:39:53.000Z</time></trkpt><trkpt lat="42.00912151360587" lon="-2.1902570492067057"><time>2026-08-24T20:39:54.000Z</time></trkpt><trkpt lat="42.0091442573535" lon="-2.1902693087673635"><time>2026-08-24T20:39:55.000Z</time></trkpt><trkpt lat="42.00916678853977" lon="-2.1902815389401056"><time>2026-08-24T20:39:56.000Z</time></trkpt><trkpt lat="42.009189767616874" lon="-2.1902934419129787"><time>2026-08-24T20:39:57.000Z</time></trkpt><trkpt lat="42.00921291948431" lon="-2.190304784029379"><time>2026-08-24T20:39:58.000Z</time></trkpt><trkpt lat="42.00923610866915" lon="-2.1903156328487956"><time>2026-08-24T20:39:59.000Z</time></trkpt><trkpt lat="42.0092597642001" lon="-2.1903260489077363"><time>2026-08-24T20:40:00.000Z</time></trkpt><trkpt lat="42.00928400291068" lon="-2.190336051479978"><time>2026-08-24T20:40:01.000Z</time></trkpt><trkpt lat="42.009308308455985" lon="-2.1903457627748244"><time>2026-08-24T20:40:02.000Z</time></trkpt><trkpt lat="42.00933294922044" lon="-2.190355301107818"><time>2026-08-24T20:40:03.000Z</time></trkpt><trkpt lat="42.00935750309823" lon="-2.190364645602646"><time>2026-08-24T20:40:04.000Z</time></trkpt><trkpt lat="42.00938229701448" lon="-2.190373537134609"><time>2026-08-24T20:40:05.000Z</time></trkpt><trkpt lat="42.00940743479929" lon="-2.1903822025305844"><time>2026-08-24T20:40:06.000Z</time></trkpt><trkpt lat="42.009432425467736" lon="-2.1903911314376217"><time>2026-08-24T20:40:07.000Z</time></trkpt><trkpt lat="42.009457575308616" lon="-2.1904003080834755"><time>2026-08-24T20:40:08.000Z</time></trkpt><trkpt lat="42.00948299003235" lon="-2.1904095717730527"><time>2026-08-24T20:40:09.000Z</time></trkpt><trkpt lat="42.0095086791767" lon="-2.1904189981581434"><time>2026-08-24T20:40:10.000Z</time></trkpt><trkpt lat="42.009534121837525" lon="-2.190428842318264"><time>2026-08-24T20:40:11.000Z</time></trkpt><trkpt lat="42.00955962473556" lon="-2.1904389414782273"><time>2026-08-24T20:40:12.000Z</time></trkpt><trkpt lat="42.009585306457254" lon="-2.1904489816682937"><time>2026-08-24T20:40:13.000Z</time></trkpt><trkpt lat="42.009611192888734" lon="-2.1904590859592608"><time>2026-08-24T20:40:14.000Z</time></trkpt><trkpt lat="42.00963726841657" lon="-2.1904693580098606"><time>2026-08-24T20:40:15.000Z</time></trkpt><trkpt lat="42.0096635023404" lon="-2.1904796965758666"><time>2026-08-24T20:40:16.000Z</time></trkpt><trkpt lat="42.009689861686915" lon="-2.190489929021723"><time>2026-08-24T20:40:17.000Z</time></trkpt><trkpt lat="42.009715827168165" lon="-2.190500028471376"><time>2026-08-24T20:40:18.000Z</time></trkpt><trkpt lat="42.009741725086684" lon="-2.1905101845302135"><time>2026-08-24T20:40:19.000Z</time></trkpt><trkpt lat="42.0097672088857" lon="-2.1905203762163628"><time>2026-08-24T20:40:20.000Z</time></trkpt><trkpt lat="42.0097926786038" lon="-2.190530345510768"><time>2026-08-24T20:40:21.000Z</time></trkpt><trkpt lat="42.00981781118687" lon="-2.1905400452968853"><time>2026-08-24T20:40:22.000Z</time></trkpt><trkpt lat="42.00984251686121" lon="-2.1905496437648497"><time>2026-08-24T20:40:23.000Z</time></trkpt><trkpt lat="42.00986730305873" lon="-2.1905592231849993"><time>2026-08-24T20:40:24.000Z</time></trkpt><trkpt lat="42.009891878811175" lon="-2.1905687280817694"><time>2026-08-24T20:40:25.000Z</time></trkpt><trkpt lat="42.009916640909026" lon="-2.1905782063747634"><time>2026-08-24T20:40:26.000Z</time></trkpt><trkpt lat="42.00994123923608" lon="-2.1905880790220538"><time>2026-08-24T20:40:27.000Z</time></trkpt><trkpt lat="42.009965550622525" lon="-2.190598346370781"><time>2026-08-24T20:40:28.000Z</time></trkpt><trkpt lat="42.00998956117133" lon="-2.190608590696613"><time>2026-08-24T20:40:29.000Z</time></trkpt><trkpt lat="42.01001379338191" lon="-2.1906185817203667"><time>2026-08-24T20:40:30.000Z</time></trkpt><trkpt lat="42.010037944376364" lon="-2.190628410119652"><time>2026-08-24T20:40:31.000Z</time></trkpt><trkpt lat="42.01006238945407" lon="-2.190638103510472"><time>2026-08-24T20:40:32.000Z</time></trkpt><trkpt lat="42.01008675582006" lon="-2.1906473845875145"><time>2026-08-24T20:40:33.000Z</time></trkpt><trkpt lat="42.01011138965809" lon="-2.1906561920670526"><time>2026-08-24T20:40:34.000Z</time></trkpt><trkpt lat="42.01013590959793" lon="-2.190664683898582"><time>2026-08-24T20:40:35.000Z</time></trkpt><trkpt lat="42.01016066280786" lon="-2.190673088046571"><time>2026-08-24T20:40:36.000Z</time></trkpt><trkpt lat="42.01018527271289" lon="-2.190681387245784"><time>2026-08-24T20:40:37.000Z</time></trkpt><trkpt lat="42.01021009223046" lon="-2.1906896796578295"><time>2026-08-24T20:40:38.000Z</time></trkpt><trkpt lat="42.010235239800295" lon="-2.1906981901840354"><time>2026-08-24T20:40:39.000Z</time></trkpt><trkpt lat="42.010260232484185" lon="-2.1907067998476646"><time>2026-08-24T20:40:40.000Z</time></trkpt><trkpt lat="42.010285380882074" lon="-2.190715140919354"><time>2026-08-24T20:40:41.000Z</time></trkpt><trkpt lat="42.01031079292372" lon="-2.190723096429257"><time>2026-08-24T20:40:42.000Z</time></trkpt><trkpt lat="42.01033647921991" lon="-2.19073121850351"><time>2026-08-24T20:40:43.000Z</time></trkpt><trkpt lat="42.010361919329746" lon="-2.190739621345793"><time>2026-08-24T20:40:44.000Z</time></trkpt><trkpt lat="42.01038742012659" lon="-2.1907481629495202"><time>2026-08-24T20:40:45.000Z</time></trkpt><trkpt lat="42.01041310020203" lon="-2.1907567058204958"><time>2026-08-24T20:40:46.000Z</time></trkpt><trkpt lat="42.010438985385896" lon="-2.1907651319700476"><time>2026-08-24T20:40:47.000Z</time></trkpt><trkpt lat="42.01046505999042" lon="-2.190773530190179"><time>2026-08-24T20:40:48.000Z</time></trkpt><trkpt lat="42.010491293243014" lon="-2.190781940633096"><time>2026-08-24T20:40:49.000Z</time></trkpt><trkpt lat="42.01051765210825" lon="-2.190790408866705"><time>2026-08-24T20:40:50.000Z</time></trkpt><trkpt lat="42.01054410685884" lon="-2.190799129844023"><time>2026-08-24T20:40:51.000Z</time></trkpt><trkpt lat="42.01057014333474" lon="-2.190807906608621"><time>2026-08-24T20:40:52.000Z</time></trkpt><trkpt lat="42.010596093083244" lon="-2.190816620286398"><time>2026-08-24T20:40:53.000Z</time></trkpt><trkpt lat="42.01062210377791" lon="-2.1908253218201237"><time>2026-08-24T20:40:54.000Z</time></trkpt><trkpt lat="42.010647738802675" lon="-2.190834400956364"><time>2026-08-24T20:40:55.000Z</time></trkpt><trkpt lat="42.01067335617176" lon="-2.190843724935731"><time>2026-08-24T20:40:56.000Z</time></trkpt><trkpt lat="42.01069910559343" lon="-2.1908529628529285"><time>2026-08-24T20:40:57.000Z</time></trkpt><trkpt lat="42.01072503177381" lon="-2.1908622342813784"><time>2026-08-24T20:40:58.000Z</time></trkpt><trkpt lat="42.010750640827034" lon="-2.1908718595702585"><time>2026-08-24T20:40:59.000Z</time></trkpt><trkpt lat="42.010776259667836" lon="-2.1908819864339195"><time>2026-08-24T20:41:00.000Z</time></trkpt><trkpt lat="42.01080153206377" lon="-2.190892519527702"><time>2026-08-24T20:41:01.000Z</time></trkpt><trkpt lat="42.01082684538274" lon="-2.1909035510504573"><time>2026-08-24T20:41:02.000Z</time></trkpt><trkpt lat="42.01085186429271" lon="-2.1909151468021335"><time>2026-08-24T20:41:03.000Z</time></trkpt><trkpt lat="42.010876978090366" lon="-2.1909273226647428"><time>2026-08-24T20:41:04.000Z</time></trkpt><trkpt lat="42.01090184531173" lon="-2.1909400107226675"><time>2026-08-24T20:41:05.000Z</time></trkpt><trkpt lat="42.01092684658887" lon="-2.190953300870481"><time>2026-08-24T20:41:06.000Z</time></trkpt><trkpt lat="42.0109516318623" lon="-2.190967183453103"><time>2026-08-24T20:41:07.000Z</time></trkpt><trkpt lat="42.01097608468958" lon="-2.1909813336508304"><time>2026-08-24T20:41:08.000Z</time></trkpt><trkpt lat="42.01100068939543" lon="-2.1909958281493926"><time>2026-08-24T20:41:09.000Z</time></trkpt><trkpt lat="42.011025136336904" lon="-2.1910106543400403"><time>2026-08-24T20:41:10.000Z</time></trkpt><trkpt lat="42.01104931824153" lon="-2.191025764457892"><time>2026-08-24T20:41:11.000Z</time></trkpt><trkpt lat="42.011073714558634" lon="-2.191040888185505"><time>2026-08-24T20:41:12.000Z</time></trkpt><trkpt lat="42.01109800561129" lon="-2.191055698245703"><time>2026-08-24T20:41:13.000Z</time></trkpt><trkpt lat="42.01112256286703" lon="-2.1910702225162244"><time>2026-08-24T20:41:14.000Z</time></trkpt><trkpt lat="42.011147505141814" lon="-2.1910845397593874"><time>2026-08-24T20:41:15.000Z</time></trkpt><trkpt lat="42.011172831951406" lon="-2.191098678383126"><time>2026-08-24T20:41:16.000Z</time></trkpt><trkpt lat="42.01119849374192" lon="-2.191112550609651"><time>2026-08-24T20:41:17.000Z</time></trkpt><trkpt lat="42.011223937500496" lon="-2.191126154480823"><time>2026-08-24T20:41:18.000Z</time></trkpt><trkpt lat="42.01124945307269" lon="-2.1911396154352074"><time>2026-08-24T20:41:19.000Z</time></trkpt><trkpt lat="42.01127466099878" lon="-2.1911529422744156"><time>2026-08-24T20:41:20.000Z</time></trkpt><trkpt lat="42.011299934101125" lon="-2.1911660640347326"><time>2026-08-24T20:41:21.000Z</time></trkpt><trkpt lat="42.01132541755513" lon="-2.1911792226178095"><time>2026-08-24T20:41:22.000Z</time></trkpt><trkpt lat="42.01135065453993" lon="-2.1911924517193397"><time>2026-08-24T20:41:23.000Z</time></trkpt><trkpt lat="42.01137597816604" lon="-2.1912056949640695"><time>2026-08-24T20:41:24.000Z</time></trkpt><trkpt lat="42.01140102488857" lon="-2.1912190803228495"><time>2026-08-24T20:41:25.000Z</time></trkpt><trkpt lat="42.011426170138385" lon="-2.1912325198555656"><time>2026-08-24T20:41:26.000Z</time></trkpt><trkpt lat="42.01145155588461" lon="-2.1912458479897485"><time>2026-08-24T20:41:27.000Z</time></trkpt><trkpt lat="42.01147769933813" lon="-2.1912589190329768"><time>2026-08-24T20:41:28.000Z</time></trkpt><trkpt lat="42.01150422664244" lon="-2.1912719201861326"><time>2026-08-24T20:41:29.000Z</time></trkpt><trkpt lat="42.0115314241749" lon="-2.191284906914404"><time>2026-08-24T20:41:30.000Z</time></trkpt><trkpt lat="42.01155883424188" lon="-2.1912978427102887"><time>2026-08-24T20:41:31.000Z</time></trkpt><trkpt lat="42.0115862410714" lon="-2.191310749676539"><time>2026-08-24T20:41:32.000Z</time></trkpt><trkpt lat="42.01161404582749" lon="-2.191323518213391"><time>2026-08-24T20:41:33.000Z</time></trkpt><trkpt lat="42.011641873039004" lon="-2.1913359373472274"><time>2026-08-24T20:41:34.000Z</time></trkpt><trkpt lat="42.011669565192264" lon="-2.191347873235435"><time>2026-08-24T20:41:35.000Z</time></trkpt><trkpt lat="42.011697074752426" lon="-2.1913594245829984"><time>2026-08-24T20:41:36.000Z</time></trkpt><trkpt lat="42.011724895189204" lon="-2.1913708649991137"><time>2026-08-24T20:41:37.000Z</time></trkpt><trkpt lat="42.011752700218736" lon="-2.1913822296010634"><time>2026-08-24T20:41:38.000Z</time></trkpt><trkpt lat="42.01178035744393" lon="-2.191393511981286"><time>2026-08-24T20:41:39.000Z</time></trkpt><trkpt lat="42.011807831309724" lon="-2.191404781255295"><time>2026-08-24T20:41:40.000Z</time></trkpt><trkpt lat="42.011834641096634" lon="-2.191415730962026"><time>2026-08-24T20:41:41.000Z</time></trkpt><trkpt lat="42.011861163672485" lon="-2.1914263065072337"><time>2026-08-24T20:41:42.000Z</time></trkpt><trkpt lat="42.01188759110712" lon="-2.1914367170342333"><time>2026-08-24T20:41:43.000Z</time></trkpt><trkpt lat="42.01191401471253" lon="-2.1914469474524"><time>2026-08-24T20:41:44.000Z</time></trkpt><trkpt lat="42.01194047258552" lon="-2.191456861660288"><time>2026-08-24T20:41:45.000Z</time></trkpt><trkpt lat="42.01196697601743" lon="-2.191466566594549"><time>2026-08-24T20:41:46.000Z</time></trkpt><trkpt lat="42.011993523811" lon="-2.191476469762516"><time>2026-08-24T20:41:47.000Z</time></trkpt><trkpt lat="42.01202059939001" lon="-2.191486591143647"><time>2026-08-24T20:41:48.000Z</time></trkpt><trkpt lat="42.01204784449343" lon="-2.191496513150192"><time>2026-08-24T20:41:49.000Z</time></trkpt><trkpt lat="42.012075579429826" lon="-2.1915061811970076"><time>2026-08-24T20:41:50.000Z</time></trkpt><trkpt lat="42.01210338363301" lon="-2.1915157584027765"><time>2026-08-24T20:41:51.000Z</time></trkpt><trkpt lat="42.01213107500951" lon="-2.191525201201868"><time>2026-08-24T20:41:52.000Z</time></trkpt><trkpt lat="42.01215859304831" lon="-2.1915344477020686"><time>2026-08-24T20:41:53.000Z</time></trkpt><trkpt lat="42.012185935076566" lon="-2.1915437730147396"><time>2026-08-24T20:41:54.000Z</time></trkpt><trkpt lat="42.012213122584214" lon="-2.191553310925116"><time>2026-08-24T20:41:55.000Z</time></trkpt><trkpt lat="42.01224018425401" lon="-2.191563089243826"><time>2026-08-24T20:41:56.000Z</time></trkpt><trkpt lat="42.01226714804957" lon="-2.191572904964185"><time>2026-08-24T20:41:57.000Z</time></trkpt><trkpt lat="42.012294038049234" lon="-2.1915825472781716"><time>2026-08-24T20:41:58.000Z</time></trkpt><trkpt lat="42.01232087364089" lon="-2.1915917374198117"><time>2026-08-24T20:41:59.000Z</time></trkpt><trkpt lat="42.01234815940289" lon="-2.1916006022235996"><time>2026-08-24T20:42:00.000Z</time></trkpt><trkpt lat="42.01237506613752" lon="-2.1916094804861403"><time>2026-08-24T20:42:01.000Z</time></trkpt><trkpt lat="42.012401790611726" lon="-2.1916181121991345"><time>2026-08-24T20:42:02.000Z</time></trkpt><trkpt lat="42.01242843725353" lon="-2.191626146520782"><time>2026-08-24T20:42:03.000Z</time></trkpt><trkpt lat="42.012455548670175" lon="-2.1916336992409877"><time>2026-08-24T20:42:04.000Z</time></trkpt><trkpt lat="42.01248230945103" lon="-2.1916412164660115"><time>2026-08-24T20:42:05.000Z</time></trkpt><trkpt lat="42.01250940800762" lon="-2.191648733469722"><time>2026-08-24T20:42:06.000Z</time></trkpt><trkpt lat="42.01253659488713" lon="-2.191655622193543"><time>2026-08-24T20:42:07.000Z</time></trkpt><trkpt lat="42.01256375602048" lon="-2.191662224832063"><time>2026-08-24T20:42:08.000Z</time></trkpt><trkpt lat="42.01259084773468" lon="-2.1916687190310418"><time>2026-08-24T20:42:09.000Z</time></trkpt><trkpt lat="42.01261786095359" lon="-2.191674549255039"><time>2026-08-24T20:42:10.000Z</time></trkpt><trkpt lat="42.01264480201411" lon="-2.1916797249395383"><time>2026-08-24T20:42:11.000Z</time></trkpt><trkpt lat="42.01267168278739" lon="-2.191684548184185"><time>2026-08-24T20:42:12.000Z</time></trkpt><trkpt lat="42.012699005510775" lon="-2.1916888826321723"><time>2026-08-24T20:42:13.000Z</time></trkpt><trkpt lat="42.012726430688105" lon="-2.1916924594575584"><time>2026-08-24T20:42:14.000Z</time></trkpt><trkpt lat="42.012753805353725" lon="-2.1916953875912237"><time>2026-08-24T20:42:15.000Z</time></trkpt><trkpt lat="42.01278107299438" lon="-2.191698039958448"><time>2026-08-24T20:42:16.000Z</time></trkpt><trkpt lat="42.01280822407252" lon="-2.1917009727444663"><time>2026-08-24T20:42:17.000Z</time></trkpt><trkpt lat="42.012835269620886" lon="-2.1917041648089324"><time>2026-08-24T20:42:18.000Z</time></trkpt><trkpt lat="42.012862717338336" lon="-2.1917073599629044"><time>2026-08-24T20:42:19.000Z</time></trkpt><trkpt lat="42.01289023508378" lon="-2.191710421702036"><time>2026-08-24T20:42:20.000Z</time></trkpt><trkpt lat="42.01291767708245" lon="-2.1917134027348695"><time>2026-08-24T20:42:21.000Z</time></trkpt><trkpt lat="42.01294499302142" lon="-2.1917166411337075"><time>2026-08-24T20:42:22.000Z</time></trkpt><trkpt lat="42.012972178359725" lon="-2.1917206715047532"><time>2026-08-24T20:42:23.000Z</time></trkpt><trkpt lat="42.01299875837901" lon="-2.1917252757609345"><time>2026-08-24T20:42:24.000Z</time></trkpt><trkpt lat="42.013025104876846" lon="-2.1917301680267784"><time>2026-08-24T20:42:25.000Z</time></trkpt><trkpt lat="42.01305140094397" lon="-2.1917353160062834"><time>2026-08-24T20:42:26.000Z</time></trkpt><trkpt lat="42.01307772845598" lon="-2.191740734779745"><time>2026-08-24T20:42:27.000Z</time></trkpt><trkpt lat="42.01310411709607" lon="-2.1917464264024007"><time>2026-08-24T20:42:28.000Z</time></trkpt><trkpt lat="42.01313057124307" lon="-2.1917523567008854"><time>2026-08-24T20:42:29.000Z</time></trkpt><trkpt lat="42.01315757390322" lon="-2.191758603370441"><time>2026-08-24T20:42:30.000Z</time></trkpt><trkpt lat="42.01318476398317" lon="-2.191765310806129"><time>2026-08-24T20:42:31.000Z</time></trkpt><trkpt lat="42.01321196871757" lon="-2.191772173329379"><time>2026-08-24T20:42:32.000Z</time></trkpt><trkpt lat="42.013239604685644" lon="-2.191778739139672"><time>2026-08-24T20:42:33.000Z</time></trkpt><trkpt lat="42.013267298489794" lon="-2.19178522746111"><time>2026-08-24T20:42:34.000Z</time></trkpt><trkpt lat="42.01329537853988" lon="-2.191792105731031"><time>2026-08-24T20:42:35.000Z</time></trkpt><trkpt lat="42.01332393051196" lon="-2.191799547007084"><time>2026-08-24T20:42:36.000Z</time></trkpt><trkpt lat="42.01335243950919" lon="-2.191807458497205"><time>2026-08-24T20:42:37.000Z</time></trkpt><trkpt lat="42.01338118860627" lon="-2.1918158946385815"><time>2026-08-24T20:42:38.000Z</time></trkpt><trkpt lat="42.01341026356633" lon="-2.1918246269080868"><time>2026-08-24T20:42:39.000Z</time></trkpt><trkpt lat="42.013439168274864" lon="-2.1918337679899884"><time>2026-08-24T20:42:40.000Z</time></trkpt><trkpt lat="42.01346820987751" lon="-2.191843495424956"><time>2026-08-24T20:42:41.000Z</time></trkpt><trkpt lat="42.01349749729693" lon="-2.191853470465329"><time>2026-08-24T20:42:42.000Z</time></trkpt><trkpt lat="42.01352704384091" lon="-2.1918627874078163"><time>2026-08-24T20:42:43.000Z</time></trkpt><trkpt lat="42.01355633212116" lon="-2.191870821112168"><time>2026-08-24T20:42:44.000Z</time></trkpt><trkpt lat="42.013585671818326" lon="-2.191877937836409"><time>2026-08-24T20:42:45.000Z</time></trkpt><trkpt lat="42.0136146942593" lon="-2.19188468151679"><time>2026-08-24T20:42:46.000Z</time></trkpt><trkpt lat="42.01364377794219" lon="-2.191891262842685"><time>2026-08-24T20:42:47.000Z</time></trkpt><trkpt lat="42.01367307088483" lon="-2.191897758820293"><time>2026-08-24T20:42:48.000Z</time></trkpt><trkpt lat="42.01370260718772" lon="-2.191903936711685"><time>2026-08-24T20:42:49.000Z</time></trkpt><trkpt lat="42.013732369659664" lon="-2.191909833295496"><time>2026-08-24T20:42:50.000Z</time></trkpt><trkpt lat="42.013761832581686" lon="-2.1919158976324242"><time>2026-08-24T20:42:51.000Z</time></trkpt><trkpt lat="42.01379130750258" lon="-2.1919222931297817"><time>2026-08-24T20:42:52.000Z</time></trkpt><trkpt lat="42.01382043157786" lon="-2.1919286161709173"><time>2026-08-24T20:42:53.000Z</time></trkpt><trkpt lat="42.0138495900172" lon="-2.1919342202220617"><time>2026-08-24T20:42:54.000Z</time></trkpt><trkpt lat="42.01387893705221" lon="-2.1919388700989986"><time>2026-08-24T20:42:55.000Z</time></trkpt><trkpt lat="42.01390802238403" lon="-2.19194259141184"><time>2026-08-24T20:42:56.000Z</time></trkpt><trkpt lat="42.013937183764384" lon="-2.1919459422967713"><time>2026-08-24T20:42:57.000Z</time></trkpt><trkpt lat="42.01396606091938" lon="-2.191949047153429"><time>2026-08-24T20:42:58.000Z</time></trkpt><trkpt lat="42.013995031566715" lon="-2.1919521417944066"><time>2026-08-24T20:42:59.000Z</time></trkpt><trkpt lat="42.01402423926354" lon="-2.1919555694516704"><time>2026-08-24T20:43:00.000Z</time></trkpt><trkpt lat="42.014053712706534" lon="-2.1919591533314806"><time>2026-08-24T20:43:01.000Z</time></trkpt><trkpt lat="42.014083429605826" lon="-2.1919627087713613"><time>2026-08-24T20:43:02.000Z</time></trkpt><trkpt lat="42.014112859923834" lon="-2.1919661021700416"><time>2026-08-24T20:43:03.000Z</time></trkpt><trkpt lat="42.01414231176631" lon="-2.191969238102478"><time>2026-08-24T20:43:04.000Z</time></trkpt><trkpt lat="42.01417141964821" lon="-2.191972416321495"><time>2026-08-24T20:43:05.000Z</time></trkpt><trkpt lat="42.01420056680805" lon="-2.191975846649874"><time>2026-08-24T20:43:06.000Z</time></trkpt><trkpt lat="42.01422990603497" lon="-2.191979307735805"><time>2026-08-24T20:43:07.000Z</time></trkpt><trkpt lat="42.014258985990494" lon="-2.1919824596662374"><time>2026-08-24T20:43:08.000Z</time></trkpt><trkpt lat="42.014288143686095" lon="-2.191985232733945"><time>2026-08-24T20:43:09.000Z</time></trkpt><trkpt lat="42.01431799754713" lon="-2.1919875550556336"><time>2026-08-24T20:43:10.000Z</time></trkpt><trkpt lat="42.01434822329939" lon="-2.191989271275953"><time>2026-08-24T20:43:11.000Z</time></trkpt><trkpt lat="42.01437863966427" lon="-2.1919902116026004"><time>2026-08-24T20:43:12.000Z</time></trkpt><trkpt lat="42.014409147520354" lon="-2.1919902526909025"><time>2026-08-24T20:43:13.000Z</time></trkpt><trkpt lat="42.01444018391399" lon="-2.191989367357299"><time>2026-08-24T20:43:14.000Z</time></trkpt><trkpt lat="42.01447137138783" lon="-2.1919874797075614"><time>2026-08-24T20:43:15.000Z</time></trkpt><trkpt lat="42.014502045490815" lon="-2.191984319923708"><time>2026-08-24T20:43:16.000Z</time></trkpt><trkpt lat="42.01453248808084" lon="-2.191979878960858"><time>2026-08-24T20:43:17.000Z</time></trkpt><trkpt lat="42.01456235534009" lon="-2.191973980924112"><time>2026-08-24T20:43:18.000Z</time></trkpt><trkpt lat="42.01459206912639" lon="-2.191966893390631"><time>2026-08-24T20:43:19.000Z</time></trkpt><trkpt lat="42.01462182287287" lon="-2.1919601032542664"><time>2026-08-24T20:43:20.000Z</time></trkpt><trkpt lat="42.0146512015023" lon="-2.1919546743076386"><time>2026-08-24T20:43:21.000Z</time></trkpt><trkpt lat="42.01468008221775" lon="-2.191950747546726"><time>2026-08-24T20:43:22.000Z</time></trkpt><trkpt lat="42.01470847835384" lon="-2.191948065832458"><time>2026-08-24T20:43:23.000Z</time></trkpt><trkpt lat="42.014736457597245" lon="-2.1919457514532645"><time>2026-08-24T20:43:24.000Z</time></trkpt><trkpt lat="42.01476410133114" lon="-2.191942783778077"><time>2026-08-24T20:43:25.000Z</time></trkpt><trkpt lat="42.014791486133966" lon="-2.191938642722557"><time>2026-08-24T20:43:26.000Z</time></trkpt><trkpt lat="42.0148186767767" lon="-2.1919331728982274"><time>2026-08-24T20:43:27.000Z</time></trkpt><trkpt lat="42.014845724854325" lon="-2.191926389054407"><time>2026-08-24T20:43:28.000Z</time></trkpt><trkpt lat="42.01487266991341" lon="-2.191918404716441"><time>2026-08-24T20:43:29.000Z</time></trkpt><trkpt lat="42.014900031073424" lon="-2.1919095125214505"><time>2026-08-24T20:43:30.000Z</time></trkpt><trkpt lat="42.01492747910855" lon="-2.1918998883079075"><time>2026-08-24T20:43:31.000Z</time></trkpt><trkpt lat="42.01495486728233" lon="-2.1918900350527317"><time>2026-08-24T20:43:32.000Z</time></trkpt><trkpt lat="42.01498214284689" lon="-2.1918803728997207"><time>2026-08-24T20:43:33.000Z</time></trkpt><trkpt lat="42.01500929853214" lon="-2.1918712339544095"><time>2026-08-24T20:43:34.000Z</time></trkpt><trkpt lat="42.01503683634095" lon="-2.191863085644644"><time>2026-08-24T20:43:35.000Z</time></trkpt><trkpt lat="42.015064424359245" lon="-2.1918559321248985"><time>2026-08-24T20:43:36.000Z</time></trkpt><trkpt lat="42.01509240906005" lon="-2.1918492802183667"><time>2026-08-24T20:43:37.000Z</time></trkpt><trkpt lat="42.015120392608296" lon="-2.191843015440415"><time>2026-08-24T20:43:38.000Z</time></trkpt><trkpt lat="42.015148700920776" lon="-2.1918371939584063"><time>2026-08-24T20:43:39.000Z</time></trkpt><trkpt lat="42.015176936927276" lon="-2.191831843208896"><time>2026-08-24T20:43:40.000Z</time></trkpt><trkpt lat="42.01520494638141" lon="-2.1918267304693884"><time>2026-08-24T20:43:41.000Z</time></trkpt><trkpt lat="42.015233184447645" lon="-2.191821515144129"><time>2026-08-24T20:43:42.000Z</time></trkpt><trkpt lat="42.015261319625246" lon="-2.1918162231344733"><time>2026-08-24T20:43:43.000Z</time></trkpt><trkpt lat="42.01528922859676" lon="-2.1918108137484613"><time>2026-08-24T20:43:44.000Z</time></trkpt><trkpt lat="42.015316889609146" lon="-2.1918051016888827"><time>2026-08-24T20:43:45.000Z</time></trkpt><trkpt lat="42.01534432552897" lon="-2.1917988352872158"><time>2026-08-24T20:43:46.000Z</time></trkpt><trkpt lat="42.01537157466373" lon="-2.191791890244947"><time>2026-08-24T20:43:47.000Z</time></trkpt><trkpt lat="42.01539916637393" lon="-2.191784363675625"><time>2026-08-24T20:43:48.000Z</time></trkpt><trkpt lat="42.015426785088216" lon="-2.1917763702119646"><time>2026-08-24T20:43:49.000Z</time></trkpt><trkpt lat="42.01545478698847" lon="-2.191768108790713"><time>2026-08-24T20:43:50.000Z</time></trkpt><trkpt lat="42.01548277997031" lon="-2.191759726333271"><time>2026-08-24T20:43:51.000Z</time></trkpt><trkpt lat="42.01551060369675" lon="-2.191751360082911"><time>2026-08-24T20:43:52.000Z</time></trkpt><trkpt lat="42.01553821385933" lon="-2.1917432174841522"><time>2026-08-24T20:43:53.000Z</time></trkpt><trkpt lat="42.01556561962096" lon="-2.1917354776668763"><time>2026-08-24T20:43:54.000Z</time></trkpt><trkpt lat="42.015592850989776" lon="-2.191728254508339"><time>2026-08-24T20:43:55.000Z</time></trkpt><trkpt lat="42.01561994270719" lon="-2.191721804000599"><time>2026-08-24T20:43:56.000Z</time></trkpt><trkpt lat="42.015646927004916" lon="-2.1917160711998336"><time>2026-08-24T20:43:57.000Z</time></trkpt><trkpt lat="42.0156738309442" lon="-2.1917107577577597"><time>2026-08-24T20:43:58.000Z</time></trkpt><trkpt lat="42.01570067598366" lon="-2.1917055339772333"><time>2026-08-24T20:43:59.000Z</time></trkpt><trkpt lat="42.01572747852036" lon="-2.1917001607680615"><time>2026-08-24T20:44:00.000Z</time></trkpt><trkpt lat="42.015754250762335" lon="-2.191694620045197"><time>2026-08-24T20:44:01.000Z</time></trkpt><trkpt lat="42.015781491236154" lon="-2.1916887422567615"><time>2026-08-24T20:44:02.000Z</time></trkpt><trkpt lat="42.01580934515484" lon="-2.1916824702368296"><time>2026-08-24T20:44:03.000Z</time></trkpt><trkpt lat="42.01583730397662" lon="-2.191675739239591"><time>2026-08-24T20:44:04.000Z</time></trkpt><trkpt lat="42.015865144802866" lon="-2.191668244902304"><time>2026-08-24T20:44:05.000Z</time></trkpt><trkpt lat="42.015892790981056" lon="-2.1916594702411634"><time>2026-08-24T20:44:06.000Z</time></trkpt><trkpt lat="42.015919746315284" lon="-2.1916490912666524"><time>2026-08-24T20:44:07.000Z</time></trkpt><trkpt lat="42.01594687434554" lon="-2.1916372416616046"><time>2026-08-24T20:44:08.000Z</time></trkpt><trkpt lat="42.01597401893049" lon="-2.19162407343228"><time>2026-08-24T20:44:09.000Z</time></trkpt><trkpt lat="42.016001113641174" lon="-2.1916095430173814"><time>2026-08-24T20:44:10.000Z</time></trkpt><trkpt lat="42.01602764791058" lon="-2.191594082717345"><time>2026-08-24T20:44:11.000Z</time></trkpt><trkpt lat="42.01605397301261" lon="-2.1915782041219"><time>2026-08-24T20:44:12.000Z</time></trkpt><trkpt lat="42.01607977084926" lon="-2.191561865601704"><time>2026-08-24T20:44:13.000Z</time></trkpt><trkpt lat="42.01610546770149" lon="-2.191544986640396"><time>2026-08-24T20:44:14.000Z</time></trkpt><trkpt lat="42.016130762476614" lon="-2.1915276646447786"><time>2026-08-24T20:44:15.000Z</time></trkpt><trkpt lat="42.01615607239121" lon="-2.1915099965930054"><time>2026-08-24T20:44:16.000Z</time></trkpt><trkpt lat="42.01618107771524" lon="-2.1914918220343873"><time>2026-08-24T20:44:17.000Z</time></trkpt><trkpt lat="42.01620568586694" lon="-2.1914730480973765"><time>2026-08-24T20:44:18.000Z</time></trkpt><trkpt lat="42.01623039930516" lon="-2.191453927668327"><time>2026-08-24T20:44:19.000Z</time></trkpt><trkpt lat="42.0162549218352" lon="-2.191434639966665"><time>2026-08-24T20:44:20.000Z</time></trkpt><trkpt lat="42.016279155976996" lon="-2.1914149130621494"><time>2026-08-24T20:44:21.000Z</time></trkpt><trkpt lat="42.0163030985992" lon="-2.1913947525371866"><time>2026-08-24T20:44:22.000Z</time></trkpt><trkpt lat="42.01632678582832" lon="-2.191374461150636"><time>2026-08-24T20:44:23.000Z</time></trkpt><trkpt lat="42.01635026532176" lon="-2.1913539661799324"><time>2026-08-24T20:44:24.000Z</time></trkpt><trkpt lat="42.016373583369" lon="-2.191333110801898"><time>2026-08-24T20:44:25.000Z</time></trkpt><trkpt lat="42.016397269365584" lon="-2.1913120908939"><time>2026-08-24T20:44:26.000Z</time></trkpt><trkpt lat="42.016421004497886" lon="-2.191291008241941"><time>2026-08-24T20:44:27.000Z</time></trkpt><trkpt lat="42.01644514077195" lon="-2.191269698613339"><time>2026-08-24T20:44:28.000Z</time></trkpt><trkpt lat="42.01646928205904" lon="-2.1912477562957418"><time>2026-08-24T20:44:29.000Z</time></trkpt><trkpt lat="42.01649326457674" lon="-2.1912252484112673"><time>2026-08-24T20:44:30.000Z</time></trkpt><trkpt lat="42.016516551641146" lon="-2.191202642400659"><time>2026-08-24T20:44:31.000Z</time></trkpt><trkpt lat="42.016539990709575" lon="-2.1911802351679337"><time>2026-08-24T20:44:32.000Z</time></trkpt><trkpt lat="42.0165634216731" lon="-2.1911581846765547"><time>2026-08-24T20:44:33.000Z</time></trkpt><trkpt lat="42.01658677963376" lon="-2.191136265388621"><time>2026-08-24T20:44:34.000Z</time></trkpt><trkpt lat="42.016610047234245" lon="-2.191114336979678"><time>2026-08-24T20:44:35.000Z</time></trkpt><trkpt lat="42.0166332289238" lon="-2.191092404031431"><time>2026-08-24T20:44:36.000Z</time></trkpt><trkpt lat="42.01665633756133" lon="-2.1910704690133906"><time>2026-08-24T20:44:37.000Z</time></trkpt><trkpt lat="42.01667938781867" lon="-2.191048472006912"><time>2026-08-24T20:44:38.000Z</time></trkpt><trkpt lat="42.0167028828418" lon="-2.19102654929494"><time>2026-08-24T20:44:39.000Z</time></trkpt><trkpt lat="42.01672648314738" lon="-2.1910049616723937"><time>2026-08-24T20:44:40.000Z</time></trkpt><trkpt lat="42.016750035412" lon="-2.190983498129124"><time>2026-08-24T20:44:41.000Z</time></trkpt><trkpt lat="42.01677348265796" lon="-2.1909620558387277"><time>2026-08-24T20:44:42.000Z</time></trkpt><trkpt lat="42.016796814898925" lon="-2.1909408651320623"><time>2026-08-24T20:44:43.000Z</time></trkpt><trkpt lat="42.01682004278291" lon="-2.1909198967746732"><time>2026-08-24T20:44:44.000Z</time></trkpt><trkpt lat="42.016843184089176" lon="-2.190898957185326"><time>2026-08-24T20:44:45.000Z</time></trkpt><trkpt lat="42.01686625725194" lon="-2.1908781465524605"><time>2026-08-24T20:44:46.000Z</time></trkpt><trkpt lat="42.016889278609135" lon="-2.190857489585648"><time>2026-08-24T20:44:47.000Z</time></trkpt><trkpt lat="42.01691177192782" lon="-2.190836854335654"><time>2026-08-24T20:44:48.000Z</time></trkpt><trkpt lat="42.01693409846296" lon="-2.190816214274726"><time>2026-08-24T20:44:49.000Z</time></trkpt><trkpt lat="42.0169564283978" lon="-2.190795712098646"><time>2026-08-24T20:44:50.000Z</time></trkpt><trkpt lat="42.01697883138313" lon="-2.19077535827632"><time>2026-08-24T20:44:51.000Z</time></trkpt><trkpt lat="42.01700132672755" lon="-2.190755046276222"><time>2026-08-24T20:44:52.000Z</time></trkpt><trkpt lat="42.01702391052884" lon="-2.190734635055307"><time>2026-08-24T20:44:53.000Z</time></trkpt><trkpt lat="42.017046569826626" lon="-2.1907141404635135"><time>2026-08-24T20:44:54.000Z</time></trkpt><trkpt lat="42.017068799982916" lon="-2.1906934879269104"><time>2026-08-24T20:44:55.000Z</time></trkpt><trkpt lat="42.017090937861234" lon="-2.1906728200087615"><time>2026-08-24T20:44:56.000Z</time></trkpt><trkpt lat="42.01711313403695" lon="-2.1906523197982257"><time>2026-08-24T20:44:57.000Z</time></trkpt><trkpt lat="42.01713544303964" lon="-2.190632255377152"><time>2026-08-24T20:44:58.000Z</time></trkpt><trkpt lat="42.01715836245586" lon="-2.190612711818331"><time>2026-08-24T20:44:59.000Z</time></trkpt><trkpt lat="42.017181529252056" lon="-2.190593749107685"><time>2026-08-24T20:45:00.000Z</time></trkpt><trkpt lat="42.01720476216808" lon="-2.190575347999096"><time>2026-08-24T20:45:01.000Z</time></trkpt><trkpt lat="42.01722748845794" lon="-2.190557459086262"><time>2026-08-24T20:45:02.000Z</time></trkpt><trkpt lat="42.01725002688107" lon="-2.1905401492857877"><time>2026-08-24T20:45:03.000Z</time></trkpt><trkpt lat="42.01727253282565" lon="-2.1905233412273044"><time>2026-08-24T20:45:04.000Z</time></trkpt><trkpt lat="42.01729507445427" lon="-2.190506785645971"><time>2026-08-24T20:45:05.000Z</time></trkpt><trkpt lat="42.017317675258575" lon="-2.1904898884711987"><time>2026-08-24T20:45:06.000Z</time></trkpt><trkpt lat="42.01733935809686" lon="-2.1904720204786168"><time>2026-08-24T20:45:07.000Z</time></trkpt><trkpt lat="42.01735983836914" lon="-2.1904528329309976"><time>2026-08-24T20:45:08.000Z</time></trkpt><trkpt lat="42.01737915321516" lon="-2.1904320761636393"><time>2026-08-24T20:45:09.000Z</time></trkpt><trkpt lat="42.01739648828978" lon="-2.190409297951324"><time>2026-08-24T20:45:10.000Z</time></trkpt><trkpt lat="42.01741176231918" lon="-2.190384265495389"><time>2026-08-24T20:45:11.000Z</time></trkpt><trkpt lat="42.01742471675348" lon="-2.1903572028510023"><time>2026-08-24T20:45:12.000Z</time></trkpt><trkpt lat="42.017435542829766" lon="-2.1903283710611765"><time>2026-08-24T20:45:13.000Z</time></trkpt><trkpt lat="42.01744459247736" lon="-2.1902979516959493"><time>2026-08-24T20:45:14.000Z</time></trkpt><trkpt lat="42.01745174902382" lon="-2.190266284496144"><time>2026-08-24T20:45:15.000Z</time></trkpt><trkpt lat="42.01745720739619" lon="-2.190233638935376"><time>2026-08-24T20:45:16.000Z</time></trkpt><trkpt lat="42.017461265830015" lon="-2.1902001597610243"><time>2026-08-24T20:45:17.000Z</time></trkpt><trkpt lat="42.01746422682862" lon="-2.190165982977264"><time>2026-08-24T20:45:18.000Z</time></trkpt><trkpt lat="42.017465866216504" lon="-2.1901312541322606"><time>2026-08-24T20:45:19.000Z</time></trkpt><trkpt lat="42.01746626129745" lon="-2.1900958592185185"><time>2026-08-24T20:45:20.000Z</time></trkpt><trkpt lat="42.01746560361264" lon="-2.190059928574854"><time>2026-08-24T20:45:21.000Z</time></trkpt><trkpt lat="42.01746802405097" lon="-2.190023860045236"><time>2026-08-24T20:45:22.000Z</time></trkpt><trkpt lat="42.01747091189284" lon="-2.189987896373858"><time>2026-08-24T20:45:23.000Z</time></trkpt><trkpt lat="42.017472152745086" lon="-2.189952032270487"><time>2026-08-24T20:45:24.000Z</time></trkpt><trkpt lat="42.01747157682934" lon="-2.1899163445790166"><time>2026-08-24T20:45:25.000Z</time></trkpt><trkpt lat="42.01746934740462" lon="-2.1898807199014696"><time>2026-08-24T20:45:26.000Z</time></trkpt><trkpt lat="42.01746574393182" lon="-2.18984522585169"><time>2026-08-24T20:45:27.000Z</time></trkpt><trkpt lat="42.017461547469864" lon="-2.189809751106783"><time>2026-08-24T20:45:28.000Z</time></trkpt><trkpt lat="42.01745666618349" lon="-2.1897740637385352"><time>2026-08-24T20:45:29.000Z</time></trkpt><trkpt lat="42.01745115014807" lon="-2.1897379425177395"><time>2026-08-24T20:45:30.000Z</time></trkpt><trkpt lat="42.01744510145538" lon="-2.189701352019148"><time>2026-08-24T20:45:31.000Z</time></trkpt><trkpt lat="42.017438630515976" lon="-2.189664490887876"><time>2026-08-24T20:45:32.000Z</time></trkpt><trkpt lat="42.01743232660595" lon="-2.1896275980705564"><time>2026-08-24T20:45:33.000Z</time></trkpt><trkpt lat="42.017425921360264" lon="-2.1895907760402364"><time>2026-08-24T20:45:34.000Z</time></trkpt><trkpt lat="42.017419806874145" lon="-2.1895539661113386"><time>2026-08-24T20:45:35.000Z</time></trkpt><trkpt lat="42.017413617696306" lon="-2.18951717316265"><time>2026-08-24T20:45:36.000Z</time></trkpt><trkpt lat="42.017407212908296" lon="-2.1894803664233695"><time>2026-08-24T20:45:37.000Z</time></trkpt><trkpt lat="42.01740105175905" lon="-2.189443443189066"><time>2026-08-24T20:45:38.000Z</time></trkpt><trkpt lat="42.017394802501315" lon="-2.18940637611459"><time>2026-08-24T20:45:39.000Z</time></trkpt><trkpt lat="42.0173883398191" lon="-2.189369356003947"><time>2026-08-24T20:45:40.000Z</time></trkpt><trkpt lat="42.0173816394958" lon="-2.1893324860095165"><time>2026-08-24T20:45:41.000Z</time></trkpt><trkpt lat="42.017375211669716" lon="-2.1892957587450352"><time>2026-08-24T20:45:42.000Z</time></trkpt><trkpt lat="42.0173692314582" lon="-2.189259214050749"><time>2026-08-24T20:45:43.000Z</time></trkpt><trkpt lat="42.01736322391914" lon="-2.1892230591062365"><time>2026-08-24T20:45:44.000Z</time></trkpt><trkpt lat="42.017356996963" lon="-2.1891870844058547"><time>2026-08-24T20:45:45.000Z</time></trkpt><trkpt lat="42.01735098925336" lon="-2.1891509663294864"><time>2026-08-24T20:45:46.000Z</time></trkpt><trkpt lat="42.01734535330656" lon="-2.189114651202993"><time>2026-08-24T20:45:47.000Z</time></trkpt><trkpt lat="42.01734010421871" lon="-2.1890782034139873"><time>2026-08-24T20:45:48.000Z</time></trkpt><trkpt lat="42.01733519855414" lon="-2.189041697107132"><time>2026-08-24T20:45:49.000Z</time></trkpt><trkpt lat="42.01733057434674" lon="-2.1890052009290124"><time>2026-08-24T20:45:50.000Z</time></trkpt><trkpt lat="42.01732665956279" lon="-2.188968741850574"><time>2026-08-24T20:45:51.000Z</time></trkpt><trkpt lat="42.01732256017844" lon="-2.1889324180196543"><time>2026-08-24T20:45:52.000Z</time></trkpt><trkpt lat="42.017318421308644" lon="-2.1888962830986554"><time>2026-08-24T20:45:53.000Z</time></trkpt><trkpt lat="42.017314797395095" lon="-2.1888601513372596"><time>2026-08-24T20:45:54.000Z</time></trkpt><trkpt lat="42.01731185068152" lon="-2.18882385402977"><time>2026-08-24T20:45:55.000Z</time></trkpt><trkpt lat="42.017309071457085" lon="-2.188787495948464"><time>2026-08-24T20:45:56.000Z</time></trkpt><trkpt lat="42.01730671791951" lon="-2.188751128042287"><time>2026-08-24T20:45:57.000Z</time></trkpt><trkpt lat="42.01730435215635" lon="-2.188714711353393"><time>2026-08-24T20:45:58.000Z</time></trkpt><trkpt lat="42.017301795389784" lon="-2.1886782054981664"><time>2026-08-24T20:45:59.000Z</time></trkpt><trkpt lat="42.01730046734" lon="-2.1886417582929703"><time>2026-08-24T20:46:00.000Z</time></trkpt><trkpt lat="42.01730079499118" lon="-2.18860551488786"><time>2026-08-24T20:46:01.000Z</time></trkpt><trkpt lat="42.01730323129355" lon="-2.188569692507018"><time>2026-08-24T20:46:02.000Z</time></trkpt><trkpt lat="42.017307202534326" lon="-2.188534632579417"><time>2026-08-24T20:46:03.000Z</time></trkpt><trkpt lat="42.017313254653644" lon="-2.1885002860551825"><time>2026-08-24T20:46:04.000Z</time></trkpt><trkpt lat="42.01732036618903" lon="-2.1884663575657166"><time>2026-08-24T20:46:05.000Z</time></trkpt><trkpt lat="42.01732798049372" lon="-2.1884325494115964"><time>2026-08-24T20:46:06.000Z</time></trkpt><trkpt lat="42.017335314181715" lon="-2.1883987541460765"><time>2026-08-24T20:46:07.000Z</time></trkpt><trkpt lat="42.01734208064526" lon="-2.188364895264108"><time>2026-08-24T20:46:08.000Z</time></trkpt><trkpt lat="42.017347745041505" lon="-2.1883308882221084"><time>2026-08-24T20:46:09.000Z</time></trkpt><trkpt lat="42.01735173894239" lon="-2.1882968090203176"><time>2026-08-24T20:46:10.000Z</time></trkpt><trkpt lat="42.017354042655825" lon="-2.188262637018441"><time>2026-08-24T20:46:11.000Z</time></trkpt><trkpt lat="42.01735535461558" lon="-2.1882283144255408"><time>2026-08-24T20:46:12.000Z</time></trkpt><trkpt lat="42.017357068971286" lon="-2.188194050974157"><time>2026-08-24T20:46:13.000Z</time></trkpt><trkpt lat="42.017360197843956" lon="-2.188160078451738"><time>2026-08-24T20:46:14.000Z</time></trkpt><trkpt lat="42.01736497650767" lon="-2.188126363173801"><time>2026-08-24T20:46:15.000Z</time></trkpt><trkpt lat="42.01737129010796" lon="-2.1880929500530044"><time>2026-08-24T20:46:16.000Z</time></trkpt><trkpt lat="42.01737889433713" lon="-2.188059788203803"><time>2026-08-24T20:46:17.000Z</time></trkpt><trkpt lat="42.01738752293087" lon="-2.1880268244195036"><time>2026-08-24T20:46:18.000Z</time></trkpt><trkpt lat="42.01739742436763" lon="-2.1879941949704675"><time>2026-08-24T20:46:19.000Z</time></trkpt><trkpt lat="42.01740853761165" lon="-2.18796200486794"><time>2026-08-24T20:46:20.000Z</time></trkpt><trkpt lat="42.01742068199274" lon="-2.1879304551742402"><time>2026-08-24T20:46:21.000Z</time></trkpt><trkpt lat="42.017434140370625" lon="-2.1878998525046693"><time>2026-08-24T20:46:22.000Z</time></trkpt><trkpt lat="42.017449350197495" lon="-2.1878706299938115"><time>2026-08-24T20:46:23.000Z</time></trkpt><trkpt lat="42.01746626683493" lon="-2.18784303368496"><time>2026-08-24T20:46:24.000Z</time></trkpt><trkpt lat="42.01748416322216" lon="-2.1878168031830647"><time>2026-08-24T20:46:25.000Z</time></trkpt><trkpt lat="42.01750310379253" lon="-2.1877915641475134"><time>2026-08-24T20:46:26.000Z</time></trkpt><trkpt lat="42.0175224914519" lon="-2.187766820954509"><time>2026-08-24T20:46:27.000Z</time></trkpt><trkpt lat="42.0175420229138" lon="-2.1877427036576322"><time>2026-08-24T20:46:28.000Z</time></trkpt><trkpt lat="42.01756204442852" lon="-2.1877193996891093"><time>2026-08-24T20:46:29.000Z</time></trkpt><trkpt lat="42.017582146085324" lon="-2.1876966676456733"><time>2026-08-24T20:46:30.000Z</time></trkpt><trkpt lat="42.01760214878319" lon="-2.187673875693734"><time>2026-08-24T20:46:31.000Z</time></trkpt><trkpt lat="42.01762199146357" lon="-2.1876511079196157"><time>2026-08-24T20:46:32.000Z</time></trkpt><trkpt lat="42.01764215912914" lon="-2.1876308133021145"><time>2026-08-24T20:46:33.000Z</time></trkpt><trkpt lat="42.0176623201982" lon="-2.187615366022961"><time>2026-08-24T20:46:34.000Z</time></trkpt><trkpt lat="42.017682828571616" lon="-2.187605519509453"><time>2026-08-24T20:46:35.000Z</time></trkpt><trkpt lat="42.01770378542158" lon="-2.187601599614213"><time>2026-08-24T20:46:36.000Z</time></trkpt><trkpt lat="42.01772468524228" lon="-2.187603408271026"><time>2026-08-24T20:46:37.000Z</time></trkpt><trkpt lat="42.01774581677979" lon="-2.187610159259301"><time>2026-08-24T20:46:38.000Z</time></trkpt><trkpt lat="42.01776677959825" lon="-2.1876208026444277"><time>2026-08-24T20:46:39.000Z</time></trkpt><trkpt lat="42.01778743043966" lon="-2.1876343452437506"><time>2026-08-24T20:46:40.000Z</time></trkpt><trkpt lat="42.01780775034739" lon="-2.1876502813277527"><time>2026-08-24T20:46:41.000Z</time></trkpt><trkpt lat="42.0178282635999" lon="-2.1876681872220107"><time>2026-08-24T20:46:42.000Z</time></trkpt><trkpt lat="42.017848671686444" lon="-2.1876876050204404"><time>2026-08-24T20:46:43.000Z</time></trkpt><trkpt lat="42.01786935477883" lon="-2.187708121490771"><time>2026-08-24T20:46:44.000Z</time></trkpt><trkpt lat="42.017889944537295" lon="-2.1877291806319894"><time>2026-08-24T20:46:45.000Z</time></trkpt><trkpt lat="42.0179103012465" lon="-2.187750759219323"><time>2026-08-24T20:46:46.000Z</time></trkpt><trkpt lat="42.01793039727854" lon="-2.187773025823223"><time>2026-08-24T20:46:47.000Z</time></trkpt><trkpt lat="42.017949765102216" lon="-2.187796022762065"><time>2026-08-24T20:46:48.000Z</time></trkpt><trkpt lat="42.01796830563703" lon="-2.187819765528575"><time>2026-08-24T20:46:49.000Z</time></trkpt><trkpt lat="42.01798657387022" lon="-2.1878440423746666"><time>2026-08-24T20:46:50.000Z</time></trkpt><trkpt lat="42.018003854092306" lon="-2.1878688811510933"><time>2026-08-24T20:46:51.000Z</time></trkpt><trkpt lat="42.01801997835999" lon="-2.18789425180548"><time>2026-08-24T20:46:52.000Z</time></trkpt><trkpt lat="42.01803502587361" lon="-2.1879200736955258"><time>2026-08-24T20:46:53.000Z</time></trkpt><trkpt lat="42.018049657060885" lon="-2.187946010889318"><time>2026-08-24T20:46:54.000Z</time></trkpt><trkpt lat="42.018064197342824" lon="-2.187971849038505"><time>2026-08-24T20:46:55.000Z</time></trkpt><trkpt lat="42.0180783027956" lon="-2.187997604381503"><time>2026-08-24T20:46:56.000Z</time></trkpt><trkpt lat="42.01809188758957" lon="-2.1880231718312277"><time>2026-08-24T20:46:57.000Z</time></trkpt><trkpt lat="42.01810449359238" lon="-2.1880482568191577"><time>2026-08-24T20:46:58.000Z</time></trkpt><trkpt lat="42.01811654736684" lon="-2.1880725551500846"><time>2026-08-24T20:46:59.000Z</time></trkpt><trkpt lat="42.01812780585277" lon="-2.1880957365058755"><time>2026-08-24T20:47:00.000Z</time></trkpt><trkpt lat="42.018138760634606" lon="-2.188117441004612"><time>2026-08-24T20:47:01.000Z</time></trkpt><trkpt lat="42.018149653143155" lon="-2.188137220376667"><time>2026-08-24T20:47:02.000Z</time></trkpt><trkpt lat="42.01816059080036" lon="-2.1881553207007367"><time>2026-08-24T20:47:03.000Z</time></trkpt><trkpt lat="42.01817112244079" lon="-2.1881719670215105"><time>2026-08-24T20:47:04.000Z</time></trkpt><trkpt lat="42.01818160398172" lon="-2.188187255035036"><time>2026-08-24T20:47:05.000Z</time></trkpt><trkpt lat="42.01819169882133" lon="-2.1882008476768684"><time>2026-08-24T20:47:06.000Z</time></trkpt><trkpt lat="42.018201807578926" lon="-2.188212762529693"><time>2026-08-24T20:47:07.000Z</time></trkpt><trkpt lat="42.018211603845906" lon="-2.1882237117869443"><time>2026-08-24T20:47:08.000Z</time></trkpt><trkpt lat="42.018220993304034" lon="-2.188234479894321"><time>2026-08-24T20:47:09.000Z</time></trkpt><trkpt lat="42.0182294997126" lon="-2.188245596767017"><time>2026-08-24T20:47:10.000Z</time></trkpt><trkpt lat="42.018237529888474" lon="-2.188257021673632"><time>2026-08-24T20:47:11.000Z</time></trkpt><trkpt lat="42.01824531249618" lon="-2.188268698303931"><time>2026-08-24T20:47:12.000Z</time></trkpt><trkpt lat="42.01825297348237" lon="-2.1882801733504995"><time>2026-08-24T20:47:13.000Z</time></trkpt><trkpt lat="42.01826058032602" lon="-2.188291071794548"><time>2026-08-24T20:47:14.000Z</time></trkpt><trkpt lat="42.018268167766344" lon="-2.1883015274015407"><time>2026-08-24T20:47:15.000Z</time></trkpt><trkpt lat="42.01827575260049" lon="-2.188311743900012"><time>2026-08-24T20:47:16.000Z</time></trkpt><trkpt lat="42.01828334208058" lon="-2.1883218358813834"><time>2026-08-24T20:47:17.000Z</time></trkpt><trkpt lat="42.018290938596984" lon="-2.1883323255297604"><time>2026-08-24T20:47:18.000Z</time></trkpt><trkpt lat="42.01829854223104" lon="-2.1883433462573487"><time>2026-08-24T20:47:19.000Z</time></trkpt><trkpt lat="42.01830615210269" lon="-2.1883543952339117"><time>2026-08-24T20:47:20.000Z</time></trkpt><trkpt lat="42.01831376704893" lon="-2.1883661491707245"><time>2026-08-24T20:47:21.000Z</time></trkpt><trkpt lat="42.01832089632885" lon="-2.1883791940881028"><time>2026-08-24T20:47:22.000Z</time></trkpt><trkpt lat="42.01832886900538" lon="-2.188393728036009"><time>2026-08-24T20:47:23.000Z</time></trkpt><trkpt lat="42.018338124182264" lon="-2.1884098862685164"><time>2026-08-24T20:47:24.000Z</time></trkpt><trkpt lat="42.01834916770072" lon="-2.188427454811967"><time>2026-08-24T20:47:25.000Z</time></trkpt><trkpt lat="42.01836197835209" lon="-2.1884458279262975"><time>2026-08-24T20:47:26.000Z</time></trkpt><trkpt lat="42.018376320593106" lon="-2.188464530479441"><time>2026-08-24T20:47:27.000Z</time></trkpt><trkpt lat="42.01839190084199" lon="-2.188483355113859"><time>2026-08-24T20:47:28.000Z</time></trkpt><trkpt lat="42.018408439295534" lon="-2.188502200763855"><time>2026-08-24T20:47:29.000Z</time></trkpt><trkpt lat="42.01842569773733" lon="-2.1885211149118793"><time>2026-08-24T20:47:30.000Z</time></trkpt><trkpt lat="42.01844348565251" lon="-2.1885402613244875"><time>2026-08-24T20:47:31.000Z</time></trkpt><trkpt lat="42.0184616566236" lon="-2.188559555232747"><time>2026-08-24T20:47:32.000Z</time></trkpt><trkpt lat="42.018480101186356" lon="-2.188578820392485"><time>2026-08-24T20:47:33.000Z</time></trkpt><trkpt lat="42.01849824953405" lon="-2.1885981715142866"><time>2026-08-24T20:47:34.000Z</time></trkpt><trkpt lat="42.018516394630645" lon="-2.1886177060080216"><time>2026-08-24T20:47:35.000Z</time></trkpt><trkpt lat="42.01853416793513" lon="-2.188637471055477"><time>2026-08-24T20:47:36.000Z</time></trkpt><trkpt lat="42.018551954999594" lon="-2.188657425895801"><time>2026-08-24T20:47:37.000Z</time></trkpt><trkpt lat="42.01856942323056" lon="-2.188677682386007"><time>2026-08-24T20:47:38.000Z</time></trkpt><trkpt lat="42.01858647657673" lon="-2.1886985844835376"><time>2026-08-24T20:47:39.000Z</time></trkpt><trkpt lat="42.018603618341444" lon="-2.1887200685761603"><time>2026-08-24T20:47:40.000Z</time></trkpt><trkpt lat="42.018620554842784" lon="-2.188742033768048"><time>2026-08-24T20:47:41.000Z</time></trkpt><trkpt lat="42.01863768108861" lon="-2.1887641931545896"><time>2026-08-24T20:47:42.000Z</time></trkpt><trkpt lat="42.018655135402916" lon="-2.1887864648556365"><time>2026-08-24T20:47:43.000Z</time></trkpt><trkpt lat="42.01867244303442" lon="-2.188808800734816"><time>2026-08-24T20:47:44.000Z</time></trkpt><trkpt lat="42.01868991690184" lon="-2.188831111529472"><time>2026-08-24T20:47:45.000Z</time></trkpt><trkpt lat="42.01870717492881" lon="-2.1888534861004803"><time>2026-08-24T20:47:46.000Z</time></trkpt><trkpt lat="42.01872408746632" lon="-2.1888759834587788"><time>2026-08-24T20:47:47.000Z</time></trkpt><trkpt lat="42.01874113507426" lon="-2.1888984285434945"><time>2026-08-24T20:47:48.000Z</time></trkpt><trkpt lat="42.01875800871651" lon="-2.18892069476663"><time>2026-08-24T20:47:49.000Z</time></trkpt><trkpt lat="42.01877509306055" lon="-2.188942569347658"><time>2026-08-24T20:47:50.000Z</time></trkpt><trkpt lat="42.01879251948201" lon="-2.1889641067251233"><time>2026-08-24T20:47:51.000Z</time></trkpt><trkpt lat="42.01881029818065" lon="-2.1889852195948833"><time>2026-08-24T20:47:52.000Z</time></trkpt><trkpt lat="42.01882838814281" lon="-2.189005804084447"><time>2026-08-24T20:47:53.000Z</time></trkpt><trkpt lat="42.01884673252751" lon="-2.1890259464337842"><time>2026-08-24T20:47:54.000Z</time></trkpt><trkpt lat="42.01886478566037" lon="-2.1890457695080836"><time>2026-08-24T20:47:55.000Z</time></trkpt><trkpt lat="42.01888284980683" lon="-2.18906533428513"><time>2026-08-24T20:47:56.000Z</time></trkpt><trkpt lat="42.018900558425685" lon="-2.18908460722768"><time>2026-08-24T20:47:57.000Z</time></trkpt><trkpt lat="42.018918295805086" lon="-2.189103642581157"><time>2026-08-24T20:47:58.000Z</time></trkpt><trkpt lat="42.018936216516344" lon="-2.1891225849818245"><time>2026-08-24T20:47:59.000Z</time></trkpt><trkpt lat="42.018954360686706" lon="-2.1891414753254077"><time>2026-08-24T20:48:00.000Z</time></trkpt><trkpt lat="42.01897271616128" lon="-2.1891603065349146"><time>2026-08-24T20:48:01.000Z</time></trkpt><trkpt lat="42.01899125081369" lon="-2.1891790526849086"><time>2026-08-24T20:48:02.000Z</time></trkpt><trkpt lat="42.01900992841603" lon="-2.1891978364183458"><time>2026-08-24T20:48:03.000Z</time></trkpt><trkpt lat="42.01902822609041" lon="-2.189216856423225"><time>2026-08-24T20:48:04.000Z</time></trkpt><trkpt lat="42.01904646687208" lon="-2.1892361029994807"><time>2026-08-24T20:48:05.000Z</time></trkpt><trkpt lat="42.01906430148919" lon="-2.189255512471546"><time>2026-08-24T20:48:06.000Z</time></trkpt><trkpt lat="42.01908212784118" lon="-2.189275007107604"><time>2026-08-24T20:48:07.000Z</time></trkpt><trkpt lat="42.019100110857124" lon="-2.1892946663670863"><time>2026-08-24T20:48:08.000Z</time></trkpt><trkpt lat="42.019117808742116" lon="-2.189314654848187"><time>2026-08-24T20:48:09.000Z</time></trkpt><trkpt lat="42.0191350761464" lon="-2.1893351204854907"><time>2026-08-24T20:48:10.000Z</time></trkpt><trkpt lat="42.019152398072265" lon="-2.1893557569544786"><time>2026-08-24T20:48:11.000Z</time></trkpt><trkpt lat="42.01916947765146" lon="-2.1893762325705293"><time>2026-08-24T20:48:12.000Z</time></trkpt><trkpt lat="42.01918671333917" lon="-2.1893964925814124"><time>2026-08-24T20:48:13.000Z</time></trkpt><trkpt lat="42.01920375958562" lon="-2.1894166951142497"><time>2026-08-24T20:48:14.000Z</time></trkpt><trkpt lat="42.01922098800702" lon="-2.189436820866292"><time>2026-08-24T20:48:15.000Z</time></trkpt><trkpt lat="42.019238528265426" lon="-2.1894568411420585"><time>2026-08-24T20:48:16.000Z</time></trkpt><trkpt lat="42.01925639373619" lon="-2.1894765740575313"><time>2026-08-24T20:48:17.000Z</time></trkpt><trkpt lat="42.01927454818722" lon="-2.189496012189729"><time>2026-08-24T20:48:18.000Z</time></trkpt><trkpt lat="42.01929293960675" lon="-2.1895148843099705"><time>2026-08-24T20:48:19.000Z</time></trkpt><trkpt lat="42.01931200577067" lon="-2.1895326923540632"><time>2026-08-24T20:48:20.000Z</time></trkpt><trkpt lat="42.01933184036727" lon="-2.1895488781645067"><time>2026-08-24T20:48:21.000Z</time></trkpt><trkpt lat="42.019352383353336" lon="-2.1895632058800167"><time>2026-08-24T20:48:22.000Z</time></trkpt><trkpt lat="42.01937302946975" lon="-2.189575725046732"><time>2026-08-24T20:48:23.000Z</time></trkpt><trkpt lat="42.019394005824594" lon="-2.1895864739892588"><time>2026-08-24T20:48:24.000Z</time></trkpt><trkpt lat="42.01941536356297" lon="-2.1895958486998603"><time>2026-08-24T20:48:25.000Z</time></trkpt><trkpt lat="42.01943658518751" lon="-2.1896036684306615"><time>2026-08-24T20:48:26.000Z</time></trkpt><trkpt lat="42.01945698543493" lon="-2.18960987471898"><time>2026-08-24T20:48:27.000Z</time></trkpt><trkpt lat="42.01947638751346" lon="-2.189614558768843"><time>2026-08-24T20:48:28.000Z</time></trkpt><trkpt lat="42.019494846727824" lon="-2.1896176475114753"><time>2026-08-24T20:48:29.000Z</time></trkpt><trkpt lat="42.019512017258926" lon="-2.189619468613304"><time>2026-08-24T20:48:30.000Z</time></trkpt><trkpt lat="42.01952743247685" lon="-2.1896208093286886"><time>2026-08-24T20:48:31.000Z</time></trkpt><trkpt lat="42.01954161511024" lon="-2.189622239136081"><time>2026-08-24T20:48:32.000Z</time></trkpt><trkpt lat="42.01955493863656" lon="-2.18962361392291"><time>2026-08-24T20:48:33.000Z</time></trkpt><trkpt lat="42.019568156741975" lon="-2.1896247589979643"><time>2026-08-24T20:48:34.000Z</time></trkpt><trkpt lat="42.01958110373958" lon="-2.1896254176960905"><time>2026-08-24T20:48:35.000Z</time></trkpt><trkpt lat="42.019593746190274" lon="-2.1896256385417527"><time>2026-08-24T20:48:36.000Z</time></trkpt><trkpt lat="42.019604640578976" lon="-2.1896255895186356"><time>2026-08-24T20:48:37.000Z</time></trkpt><trkpt lat="42.019612927168545" lon="-2.1896254356465983"><time>2026-08-24T20:48:38.000Z</time></trkpt><trkpt lat="42.01962056509727" lon="-2.1896252030408334"><time>2026-08-24T20:48:40.000Z</time></trkpt><trkpt lat="42.019630090908336" lon="-2.1896251969884597"><time>2026-08-24T20:48:44.000Z</time></trkpt><trkpt lat="42.01962451119695" lon="-2.1896252399731506"><time>2026-08-24T20:48:45.000Z</time></trkpt><trkpt lat="42.019627999059814" lon="-2.1896254191299223"><time>2026-08-24T20:48:51.000Z</time></trkpt><trkpt lat="42.01963253528062" lon="-2.1896262303226437"><time>2026-08-24T20:48:56.000Z</time></trkpt><trkpt lat="42.01962984386954" lon="-2.1896261364308853"><time>2026-08-24T20:48:57.000Z</time></trkpt><trkpt lat="42.019630054617906" lon="-2.1896275318995797"><time>2026-08-24T20:48:58.000Z</time></trkpt><trkpt lat="42.01963217531047" lon="-2.1896284418848753"><time>2026-08-24T20:49:02.000Z</time></trkpt><trkpt lat="42.019630590637355" lon="-2.1896279395417384"><time>2026-08-24T20:49:05.000Z</time></trkpt><trkpt lat="42.01963177026496" lon="-2.1896279169230923"><time>2026-08-24T20:49:06.000Z</time></trkpt><trkpt lat="42.0196345323803" lon="-2.189627414005131"><time>2026-08-24T20:49:07.000Z</time></trkpt><trkpt lat="42.01963955014602" lon="-2.1896266248293355"><time>2026-08-24T20:49:08.000Z</time></trkpt><trkpt lat="42.01964632167301" lon="-2.1896259108545277"><time>2026-08-24T20:49:09.000Z</time></trkpt><trkpt lat="42.01965441517399" lon="-2.1896253806889074"><time>2026-08-24T20:49:10.000Z</time></trkpt><trkpt lat="42.01966397276182" lon="-2.1896253308752955"><time>2026-08-24T20:49:11.000Z</time></trkpt><trkpt lat="42.019675354660606" lon="-2.189625913689452"><time>2026-08-24T20:49:12.000Z</time></trkpt><trkpt lat="42.01968896468571" lon="-2.189627202448788"><time>2026-08-24T20:49:13.000Z</time></trkpt><trkpt lat="42.01970419355452" lon="-2.189628830734226"><time>2026-08-24T20:49:14.000Z</time></trkpt><trkpt lat="42.01972009295736" lon="-2.1896304204605284"><time>2026-08-24T20:49:15.000Z</time></trkpt><trkpt lat="42.01973618628667" lon="-2.1896314842612914"><time>2026-08-24T20:49:16.000Z</time></trkpt><trkpt lat="42.01975274198001" lon="-2.1896317359212065"><time>2026-08-24T20:49:17.000Z</time></trkpt><trkpt lat="42.01976932163457" lon="-2.1896312536063047"><time>2026-08-24T20:49:18.000Z</time></trkpt><trkpt lat="42.01978574162608" lon="-2.1896306227224756"><time>2026-08-24T20:49:19.000Z</time></trkpt><trkpt lat="42.01980243643506" lon="-2.189629766820683"><time>2026-08-24T20:49:20.000Z</time></trkpt><trkpt lat="42.019819060112056" lon="-2.1896285608947244"><time>2026-08-24T20:49:21.000Z</time></trkpt><trkpt lat="42.01983547931323" lon="-2.1896269371866213"><time>2026-08-24T20:49:22.000Z</time></trkpt><trkpt lat="42.019852154977926" lon="-2.1896250132150756"><time>2026-08-24T20:49:23.000Z</time></trkpt><trkpt lat="42.019868754409" lon="-2.1896228759165663"><time>2026-08-24T20:49:24.000Z</time></trkpt><trkpt lat="42.01988563998579" lon="-2.189620680276618"><time>2026-08-24T20:49:25.000Z</time></trkpt><trkpt lat="42.019902434611176" lon="-2.1896183446081547"><time>2026-08-24T20:49:26.000Z</time></trkpt><trkpt lat="42.019919484268094" lon="-2.189615547235526"><time>2026-08-24T20:49:27.000Z</time></trkpt><trkpt lat="42.01993640910032" lon="-2.1896124597463125"><time>2026-08-24T20:49:28.000Z</time></trkpt><trkpt lat="42.01995355830208" lon="-2.189609373646008"><time>2026-08-24T20:49:29.000Z</time></trkpt><trkpt lat="42.0199710468857" lon="-2.189606225204049"><time>2026-08-24T20:49:30.000Z</time></trkpt><trkpt lat="42.01998838904734" lon="-2.189603057376849"><time>2026-08-24T20:49:31.000Z</time></trkpt><trkpt lat="42.02000589312043" lon="-2.189600288151986"><time>2026-08-24T20:49:32.000Z</time></trkpt><trkpt lat="42.02002366530586" lon="-2.189598191513994"><time>2026-08-24T20:49:33.000Z</time></trkpt><trkpt lat="42.02004122531828" lon="-2.1895964267653714"><time>2026-08-24T20:49:34.000Z</time></trkpt><trkpt lat="42.02005889220286" lon="-2.1895947497966994"><time>2026-08-24T20:49:35.000Z</time></trkpt><trkpt lat="42.02007678363617" lon="-2.1895930182084915"><time>2026-08-24T20:49:36.000Z</time></trkpt><trkpt lat="42.02009491926085" lon="-2.1895908131582615"><time>2026-08-24T20:49:37.000Z</time></trkpt><trkpt lat="42.02011278621418" lon="-2.1895881453234947"><time>2026-08-24T20:49:38.000Z</time></trkpt><trkpt lat="42.020130697376366" lon="-2.18958507849923"><time>2026-08-24T20:49:39.000Z</time></trkpt><trkpt lat="42.02014877592779" lon="-2.189581781970081"><time>2026-08-24T20:49:40.000Z</time></trkpt><trkpt lat="42.02016705111406" lon="-2.189578324334708"><time>2026-08-24T20:49:41.000Z</time></trkpt><trkpt lat="42.02018550974172" lon="-2.1895744791160925"><time>2026-08-24T20:49:42.000Z</time></trkpt><trkpt lat="42.02020412283285" lon="-2.1895701415878417"><time>2026-08-24T20:49:43.000Z</time></trkpt><trkpt lat="42.020222858628216" lon="-2.1895652400053396"><time>2026-08-24T20:49:44.000Z</time></trkpt><trkpt lat="42.02024119868878" lon="-2.189559847817934"><time>2026-08-24T20:49:45.000Z</time></trkpt><trkpt lat="42.02025946990664" lon="-2.1895540276422487"><time>2026-08-24T20:49:46.000Z</time></trkpt><trkpt lat="42.0202773261321" lon="-2.1895475847915717"><time>2026-08-24T20:49:47.000Z</time></trkpt><trkpt lat="42.02029516768345" lon="-2.18954088621478"><time>2026-08-24T20:49:48.000Z</time></trkpt><trkpt lat="42.02031267169787" lon="-2.189534207657708"><time>2026-08-24T20:49:49.000Z</time></trkpt><trkpt lat="42.02032974853206" lon="-2.1895272011022304"><time>2026-08-24T20:49:50.000Z</time></trkpt><trkpt lat="42.02034641609585" lon="-2.1895197653209757"><time>2026-08-24T20:49:51.000Z</time></trkpt><trkpt lat="42.02036273429433" lon="-2.1895116995109705"><time>2026-08-24T20:49:52.000Z</time></trkpt><trkpt lat="42.020378772638935" lon="-2.1895031242407446"><time>2026-08-24T20:49:53.000Z</time></trkpt><trkpt lat="42.020394595675604" lon="-2.1894938179455865"><time>2026-08-24T20:49:54.000Z</time></trkpt><trkpt lat="42.02041074723158" lon="-2.189484058609677"><time>2026-08-24T20:49:55.000Z</time></trkpt><trkpt lat="42.02042642988686" lon="-2.189473927061274"><time>2026-08-24T20:49:56.000Z</time></trkpt><trkpt lat="42.02044186503061" lon="-2.189463228955087"><time>2026-08-24T20:49:57.000Z</time></trkpt><trkpt lat="42.020457175606005" lon="-2.1894519569700783"><time>2026-08-24T20:49:58.000Z</time></trkpt><trkpt lat="42.02047242823329" lon="-2.1894403959523245"><time>2026-08-24T20:49:59.000Z</time></trkpt><trkpt lat="42.020487657786475" lon="-2.1894290063144903"><time>2026-08-24T20:50:00.000Z</time></trkpt><trkpt lat="42.02050288158935" lon="-2.189418139277494"><time>2026-08-24T20:50:01.000Z</time></trkpt><trkpt lat="42.020518107514484" lon="-2.189407841810131"><time>2026-08-24T20:50:02.000Z</time></trkpt><trkpt lat="42.02053333853167" lon="-2.1893980907529818"><time>2026-08-24T20:50:03.000Z</time></trkpt><trkpt lat="42.02054857521041" lon="-2.1893885004306646"><time>2026-08-24T20:50:04.000Z</time></trkpt><trkpt lat="42.020563817058594" lon="-2.1893786465738136"><time>2026-08-24T20:50:05.000Z</time></trkpt><trkpt lat="42.020579063210064" lon="-2.1893681128724416"><time>2026-08-24T20:50:06.000Z</time></trkpt><trkpt lat="42.02059431275578" lon="-2.1893569375358823"><time>2026-08-24T20:50:07.000Z</time></trkpt><trkpt lat="42.02060907527512" lon="-2.18934497384761"><time>2026-08-24T20:50:08.000Z</time></trkpt><trkpt lat="42.02062370091622" lon="-2.1893336395984804"><time>2026-08-24T20:50:09.000Z</time></trkpt><trkpt lat="42.020638351449875" lon="-2.189324355914397"><time>2026-08-24T20:50:10.000Z</time></trkpt><trkpt lat="42.02065309030378" lon="-2.189317628479461"><time>2026-08-24T20:50:11.000Z</time></trkpt><trkpt lat="42.020667442653185" lon="-2.1893131538565567"><time>2026-08-24T20:50:12.000Z</time></trkpt><trkpt lat="42.020680772946065" lon="-2.1893094163112554"><time>2026-08-24T20:50:13.000Z</time></trkpt><trkpt lat="42.02069295062031" lon="-2.1893055440074614"><time>2026-08-24T20:50:14.000Z</time></trkpt><trkpt lat="42.02070406984295" lon="-2.189301378794027"><time>2026-08-24T20:50:15.000Z</time></trkpt><trkpt lat="42.02071479485639" lon="-2.1892968625328817"><time>2026-08-24T20:50:16.000Z</time></trkpt><trkpt lat="42.02072496020333" lon="-2.189292230541917"><time>2026-08-24T20:50:17.000Z</time></trkpt><trkpt lat="42.020734569575296" lon="-2.1892876557879624"><time>2026-08-24T20:50:18.000Z</time></trkpt><trkpt lat="42.02074369585112" lon="-2.189283049154924"><time>2026-08-24T20:50:19.000Z</time></trkpt><trkpt lat="42.02075243104939" lon="-2.1892779802248277"><time>2026-08-24T20:50:20.000Z</time></trkpt><trkpt lat="42.02076135287127" lon="-2.1892719638643605"><time>2026-08-24T20:50:21.000Z</time></trkpt><trkpt lat="42.020770185669875" lon="-2.189265044283356"><time>2026-08-24T20:50:22.000Z</time></trkpt><trkpt lat="42.02077931696126" lon="-2.1892576310218588"><time>2026-08-24T20:50:23.000Z</time></trkpt><trkpt lat="42.02078837841574" lon="-2.1892502621118974"><time>2026-08-24T20:50:24.000Z</time></trkpt><trkpt lat="42.020796737695704" lon="-2.1892423884239585"><time>2026-08-24T20:50:25.000Z</time></trkpt><trkpt lat="42.0208047141171" lon="-2.1892339403976764"><time>2026-08-24T20:50:26.000Z</time></trkpt><trkpt lat="42.02081297793481" lon="-2.189224871299239"><time>2026-08-24T20:50:27.000Z</time></trkpt><trkpt lat="42.02082127868466" lon="-2.1892155476024118"><time>2026-08-24T20:50:28.000Z</time></trkpt><trkpt lat="42.02082999808757" lon="-2.189206367115276"><time>2026-08-24T20:50:29.000Z</time></trkpt><trkpt lat="42.020838750004856" lon="-2.189197261083072"><time>2026-08-24T20:50:30.000Z</time></trkpt><trkpt lat="42.02084737123854" lon="-2.1891879774294742"><time>2026-08-24T20:50:31.000Z</time></trkpt><trkpt lat="42.020856300961924" lon="-2.1891783433364904"><time>2026-08-24T20:50:32.000Z</time></trkpt><trkpt lat="42.02086617005766" lon="-2.1891683020096107"><time>2026-08-24T20:50:33.000Z</time></trkpt><trkpt lat="42.02087711777723" lon="-2.189157882326815"><time>2026-08-24T20:50:34.000Z</time></trkpt><trkpt lat="42.02088906302931" lon="-2.1891478179570294"><time>2026-08-24T20:50:35.000Z</time></trkpt><trkpt lat="42.02090233399662" lon="-2.189138334845032"><time>2026-08-24T20:50:36.000Z</time></trkpt><trkpt lat="42.02091640607157" lon="-2.1891285334189496"><time>2026-08-24T20:50:37.000Z</time></trkpt><trkpt lat="42.020929981161096" lon="-2.189117196640971"><time>2026-08-24T20:50:38.000Z</time></trkpt><trkpt lat="42.02094307806511" lon="-2.1891040203544323"><time>2026-08-24T20:50:39.000Z</time></trkpt><trkpt lat="42.02095576590044" lon="-2.1890899416135343"><time>2026-08-24T20:50:40.000Z</time></trkpt><trkpt lat="42.02096812563505" lon="-2.1890758599657243"><time>2026-08-24T20:50:41.000Z</time></trkpt><trkpt lat="42.02098023272547" lon="-2.189061289429153"><time>2026-08-24T20:50:42.000Z</time></trkpt><trkpt lat="42.02099215067371" lon="-2.1890467964236855"><time>2026-08-24T20:50:43.000Z</time></trkpt><trkpt lat="42.02100441951877" lon="-2.1890329408762117"><time>2026-08-24T20:50:44.000Z</time></trkpt><trkpt lat="42.021017216629616" lon="-2.189020024569847"><time>2026-08-24T20:50:45.000Z</time></trkpt><trkpt lat="42.021030547250604" lon="-2.189007837034121"><time>2026-08-24T20:50:46.000Z</time></trkpt><trkpt lat="42.021043855455694" lon="-2.188996289855659"><time>2026-08-24T20:50:47.000Z</time></trkpt><trkpt lat="42.021056915173055" lon="-2.1889849584273624"><time>2026-08-24T20:50:48.000Z</time></trkpt><trkpt lat="42.02106917558117" lon="-2.188973578989334"><time>2026-08-24T20:50:49.000Z</time></trkpt><trkpt lat="42.021080512423495" lon="-2.188961651269801"><time>2026-08-24T20:50:50.000Z</time></trkpt><trkpt lat="42.0210905034547" lon="-2.1889486112019743"><time>2026-08-24T20:50:51.000Z</time></trkpt><trkpt lat="42.02110012673413" lon="-2.1889349812658336"><time>2026-08-24T20:50:52.000Z</time></trkpt><trkpt lat="42.02110983225963" lon="-2.188921786760691"><time>2026-08-24T20:50:53.000Z</time></trkpt><trkpt lat="42.021120284409776" lon="-2.1889093022500936"><time>2026-08-24T20:50:54.000Z</time></trkpt><trkpt lat="42.02113068174844" lon="-2.1888969070678037"><time>2026-08-24T20:50:55.000Z</time></trkpt><trkpt lat="42.02114070125246" lon="-2.1888843647382776"><time>2026-08-24T20:50:56.000Z</time></trkpt><trkpt lat="42.02115074799527" lon="-2.1888714743564712"><time>2026-08-24T20:50:57.000Z</time></trkpt><trkpt lat="42.021160985303545" lon="-2.188858565062935"><time>2026-08-24T20:50:58.000Z</time></trkpt><trkpt lat="42.02117145598187" lon="-2.188846356248625"><time>2026-08-24T20:50:59.000Z</time></trkpt><trkpt lat="42.021182637316535" lon="-2.188835207280598"><time>2026-08-24T20:51:00.000Z</time></trkpt><trkpt lat="42.02119365543703" lon="-2.1888243345112692"><time>2026-08-24T20:51:01.000Z</time></trkpt><trkpt lat="42.021205150623885" lon="-2.1888147873892754"><time>2026-08-24T20:51:02.000Z</time></trkpt><trkpt lat="42.0212168357246" lon="-2.1888060935518046"><time>2026-08-24T20:51:03.000Z</time></trkpt><trkpt lat="42.021228568105045" lon="-2.1887977653423403"><time>2026-08-24T20:51:04.000Z</time></trkpt><trkpt lat="42.02123979334483" lon="-2.188789034788583"><time>2026-08-24T20:51:05.000Z</time></trkpt><trkpt lat="42.02125132742712" lon="-2.1887803716701395"><time>2026-08-24T20:51:06.000Z</time></trkpt><trkpt lat="42.02126346676153" lon="-2.188772634017298"><time>2026-08-24T20:51:07.000Z</time></trkpt><trkpt lat="42.02127625573623" lon="-2.1887655668028168"><time>2026-08-24T20:51:08.000Z</time></trkpt><trkpt lat="42.021289139640785" lon="-2.1887585811395964"><time>2026-08-24T20:51:09.000Z</time></trkpt><trkpt lat="42.021302367453444" lon="-2.1887520054499205"><time>2026-08-24T20:51:10.000Z</time></trkpt><trkpt lat="42.021315997571676" lon="-2.1887458917688907"><time>2026-08-24T20:51:11.000Z</time></trkpt><trkpt lat="42.021329512799575" lon="-2.1887399574228765"><time>2026-08-24T20:51:12.000Z</time></trkpt><trkpt lat="42.021343204495246" lon="-2.188734674993347"><time>2026-08-24T20:51:13.000Z</time></trkpt><trkpt lat="42.021357170000286" lon="-2.188729880026643"><time>2026-08-24T20:51:14.000Z</time></trkpt><trkpt lat="42.02137141426021" lon="-2.188725197424839"><time>2026-08-24T20:51:15.000Z</time></trkpt><trkpt lat="42.02138541392334" lon="-2.1887201216809347"><time>2026-08-24T20:51:16.000Z</time></trkpt><trkpt lat="42.02139947446027" lon="-2.1887150152807666"><time>2026-08-24T20:51:17.000Z</time></trkpt><trkpt lat="42.0214137138609" lon="-2.1887099090401207"><time>2026-08-24T20:51:18.000Z</time></trkpt><trkpt lat="42.02142766814992" lon="-2.1887048768308177"><time>2026-08-24T20:51:19.000Z</time></trkpt><trkpt lat="42.02144167245107" lon="-2.1886999089732626"><time>2026-08-24T20:51:20.000Z</time></trkpt><trkpt lat="42.021455858360504" lon="-2.1886951156242804"><time>2026-08-24T20:51:21.000Z</time></trkpt><trkpt lat="42.02146976715415" lon="-2.1886903973495597"><time>2026-08-24T20:51:22.000Z</time></trkpt><trkpt lat="42.02148373509214" lon="-2.188686070771031"><time>2026-08-24T20:51:23.000Z</time></trkpt><trkpt lat="42.021497893066524" lon="-2.1886819100039143"><time>2026-08-24T20:51:24.000Z</time></trkpt><trkpt lat="42.021511780981506" lon="-2.188678198548308"><time>2026-08-24T20:51:25.000Z</time></trkpt><trkpt lat="42.02152573362664" lon="-2.188674781285909"><time>2026-08-24T20:51:26.000Z</time></trkpt><trkpt lat="42.021539880571396" lon="-2.1886714035712567"><time>2026-08-24T20:51:27.000Z</time></trkpt><trkpt lat="42.02155425023876" lon="-2.1886683226649284"><time>2026-08-24T20:51:28.000Z</time></trkpt><trkpt lat="42.02156882574813" lon="-2.1886654840178554"><time>2026-08-24T20:51:29.000Z</time></trkpt><trkpt lat="42.02158357372803" lon="-2.18866280347064"><time>2026-08-24T20:51:30.000Z</time></trkpt><trkpt lat="42.02159845829863" lon="-2.1886600730684402"><time>2026-08-24T20:51:31.000Z</time></trkpt><trkpt lat="42.0216134471522" lon="-2.1886578867819297"><time>2026-08-24T20:51:32.000Z</time></trkpt><trkpt lat="42.021628513598785" lon="-2.1886563887909505"><time>2026-08-24T20:51:33.000Z</time></trkpt><trkpt lat="42.021643636687635" lon="-2.188655703135199"><time>2026-08-24T20:51:34.000Z</time></trkpt><trkpt lat="42.02165880052057" lon="-2.1886551034217603"><time>2026-08-24T20:51:35.000Z</time></trkpt><trkpt lat="42.02167399332075" lon="-2.188654218265916"><time>2026-08-24T20:51:36.000Z</time></trkpt><trkpt lat="42.02168920652019" lon="-2.188653237361792"><time>2026-08-24T20:51:37.000Z</time></trkpt><trkpt lat="42.02170345475084" lon="-2.1886521593189108"><time>2026-08-24T20:51:38.000Z</time></trkpt><trkpt lat="42.02171743527881" lon="-2.188650843028921"><time>2026-08-24T20:51:39.000Z</time></trkpt><trkpt lat="42.02173146962076" lon="-2.1886492303566905"><time>2026-08-24T20:51:40.000Z</time></trkpt><trkpt lat="42.02174519367042" lon="-2.188647274199117"><time>2026-08-24T20:51:41.000Z</time></trkpt><trkpt lat="42.02175898691284" lon="-2.1886455500553437"><time>2026-08-24T20:51:42.000Z</time></trkpt><trkpt lat="42.02177299675185" lon="-2.1886447547671066"><time>2026-08-24T20:51:43.000Z</time></trkpt><trkpt lat="42.02178676648278" lon="-2.188644994898542"><time>2026-08-24T20:51:44.000Z</time></trkpt><trkpt lat="42.02180062844756" lon="-2.188646579250394"><time>2026-08-24T20:51:45.000Z</time></trkpt><trkpt lat="42.02181421806697" lon="-2.188649278864471"><time>2026-08-24T20:51:46.000Z</time></trkpt><trkpt lat="42.02182742015026" lon="-2.1886531623125713"><time>2026-08-24T20:51:47.000Z</time></trkpt><trkpt lat="42.0218402369977" lon="-2.1886575550795984"><time>2026-08-24T20:51:48.000Z</time></trkpt><trkpt lat="42.02185320861168" lon="-2.1886607063768992"><time>2026-08-24T20:51:49.000Z</time></trkpt><trkpt lat="42.02186604790853" lon="-2.1886619627100914"><time>2026-08-24T20:51:50.000Z</time></trkpt><trkpt lat="42.021878653640314" lon="-2.188661604170808"><time>2026-08-24T20:51:51.000Z</time></trkpt><trkpt lat="42.0218915036981" lon="-2.188660565389834"><time>2026-08-24T20:51:52.000Z</time></trkpt><trkpt lat="42.02190427392387" lon="-2.1886590431813135"><time>2026-08-24T20:51:53.000Z</time></trkpt><trkpt lat="42.02191684106487" lon="-2.1886578844623314"><time>2026-08-24T20:51:54.000Z</time></trkpt><trkpt lat="42.02192918042713" lon="-2.1886568711569714"><time>2026-08-24T20:51:55.000Z</time></trkpt><trkpt lat="42.02194131107589" lon="-2.1886563844012996"><time>2026-08-24T20:51:56.000Z</time></trkpt><trkpt lat="42.021952778040315" lon="-2.188656391175347"><time>2026-08-24T20:51:57.000Z</time></trkpt><trkpt lat="42.02196396874172" lon="-2.1886567839359348"><time>2026-08-24T20:51:58.000Z</time></trkpt><trkpt lat="42.02197507819108" lon="-2.1886576524563885"><time>2026-08-24T20:51:59.000Z</time></trkpt><trkpt lat="42.021986197128996" lon="-2.1886585748366714"><time>2026-08-24T20:52:00.000Z</time></trkpt><trkpt lat="42.02199736170761" lon="-2.1886592174081327"><time>2026-08-24T20:52:01.000Z</time></trkpt><trkpt lat="42.02200858095769" lon="-2.1886597234732434"><time>2026-08-24T20:52:02.000Z</time></trkpt><trkpt lat="42.02201985158139" lon="-2.1886605367770877"><time>2026-08-24T20:52:03.000Z</time></trkpt><trkpt lat="42.022031165626835" lon="-2.188661831235726"><time>2026-08-24T20:52:04.000Z</time></trkpt><trkpt lat="42.022043003856666" lon="-2.188663218909475"><time>2026-08-24T20:52:05.000Z</time></trkpt><trkpt lat="42.02205500737609" lon="-2.1886646810711357"><time>2026-08-24T20:52:06.000Z</time></trkpt><trkpt lat="42.02206798638683" lon="-2.188666353451131"><time>2026-08-24T20:52:07.000Z</time></trkpt><trkpt lat="42.02208165974352" lon="-2.1886683261678974"><time>2026-08-24T20:52:08.000Z</time></trkpt><trkpt lat="42.022096312153494" lon="-2.188670108176824"><time>2026-08-24T20:52:09.000Z</time></trkpt><trkpt lat="42.02211144559809" lon="-2.1886713687231087"><time>2026-08-24T20:52:10.000Z</time></trkpt><trkpt lat="42.02212728284718" lon="-2.188672375127136"><time>2026-08-24T20:52:11.000Z</time></trkpt><trkpt lat="42.02214333570196" lon="-2.1886729028911636"><time>2026-08-24T20:52:12.000Z</time></trkpt><trkpt lat="42.022159375433226" lon="-2.188673165797564"><time>2026-08-24T20:52:13.000Z</time></trkpt><trkpt lat="42.022175799137656" lon="-2.1886736224904237"><time>2026-08-24T20:52:14.000Z</time></trkpt><trkpt lat="42.02219223145992" lon="-2.1886744675831364"><time>2026-08-24T20:52:15.000Z</time></trkpt><trkpt lat="42.02220851671008" lon="-2.1886756701721275"><time>2026-08-24T20:52:16.000Z</time></trkpt><trkpt lat="42.022225099256936" lon="-2.188677416451477"><time>2026-08-24T20:52:17.000Z</time></trkpt><trkpt lat="42.02224163433817" lon="-2.188679162508336"><time>2026-08-24T20:52:18.000Z</time></trkpt><trkpt lat="42.02225798606132" lon="-2.1886808679737935"><time>2026-08-24T20:52:19.000Z</time></trkpt><trkpt lat="42.022274611605674" lon="-2.1886824602311035"><time>2026-08-24T20:52:20.000Z</time></trkpt><trkpt lat="42.02229117449776" lon="-2.1886841075083447"><time>2026-08-24T20:52:21.000Z</time></trkpt><trkpt lat="42.022307544207905" lon="-2.1886858414250616"><time>2026-08-24T20:52:22.000Z</time></trkpt><trkpt lat="42.022323202163626" lon="-2.1886875414805367"><time>2026-08-24T20:52:23.000Z</time></trkpt><trkpt lat="42.022338515762705" lon="-2.188689376599241"><time>2026-08-24T20:52:24.000Z</time></trkpt><trkpt lat="42.02235319089883" lon="-2.1886912766120887"><time>2026-08-24T20:52:25.000Z</time></trkpt><trkpt lat="42.0223676780056" lon="-2.188693173691382"><time>2026-08-24T20:52:26.000Z</time></trkpt><trkpt lat="42.02238218671986" lon="-2.18869504027993"><time>2026-08-24T20:52:27.000Z</time></trkpt><trkpt lat="42.02239631099315" lon="-2.188696899542868"><time>2026-08-24T20:52:28.000Z</time></trkpt><trkpt lat="42.02241042255421" lon="-2.1886988537625927"><time>2026-08-24T20:52:29.000Z</time></trkpt><trkpt lat="42.02242467612493" lon="-2.1887006574688725"><time>2026-08-24T20:52:30.000Z</time></trkpt><trkpt lat="42.02243862758759" lon="-2.18870219828639"><time>2026-08-24T20:52:31.000Z</time></trkpt><trkpt lat="42.02245213281483" lon="-2.1887037390825896"><time>2026-08-24T20:52:32.000Z</time></trkpt><trkpt lat="42.022465189723825" lon="-2.188705724725088"><time>2026-08-24T20:52:33.000Z</time></trkpt><trkpt lat="42.022477854997774" lon="-2.1887077611185726"><time>2026-08-24T20:52:34.000Z</time></trkpt><trkpt lat="42.02249069185709" lon="-2.1887097406489664"><time>2026-08-24T20:52:35.000Z</time></trkpt><trkpt lat="42.02250391023199" lon="-2.1887114426915146"><time>2026-08-24T20:52:36.000Z</time></trkpt><trkpt lat="42.02251705800119" lon="-2.188712781400066"><time>2026-08-24T20:52:37.000Z</time></trkpt><trkpt lat="42.02253044763881" lon="-2.1887140434596555"><time>2026-08-24T20:52:38.000Z</time></trkpt><trkpt lat="42.02254319756742" lon="-2.1887149283652265"><time>2026-08-24T20:52:39.000Z</time></trkpt><trkpt lat="42.02255551644036" lon="-2.18871542196725"><time>2026-08-24T20:52:40.000Z</time></trkpt><trkpt lat="42.02256754551337" lon="-2.1887154768597066"><time>2026-08-24T20:52:41.000Z</time></trkpt><trkpt lat="42.02257938015564" lon="-2.1887153440315696"><time>2026-08-24T20:52:42.000Z</time></trkpt><trkpt lat="42.02259157420891" lon="-2.1887152427441134"><time>2026-08-24T20:52:43.000Z</time></trkpt><trkpt lat="42.02260382002319" lon="-2.188715167446253"><time>2026-08-24T20:52:44.000Z</time></trkpt><trkpt lat="42.02261598425452" lon="-2.188715081915478"><time>2026-08-24T20:52:45.000Z</time></trkpt><trkpt lat="42.02262851206907" lon="-2.188714880745538"><time>2026-08-24T20:52:46.000Z</time></trkpt><trkpt lat="42.02264105052514" lon="-2.1887148719760363"><time>2026-08-24T20:52:47.000Z</time></trkpt><trkpt lat="42.02265345290374" lon="-2.18871515777365"><time>2026-08-24T20:52:48.000Z</time></trkpt><trkpt lat="42.02266616585706" lon="-2.18871583420877"><time>2026-08-24T20:52:49.000Z</time></trkpt><trkpt lat="42.022678843858955" lon="-2.188716492900027"><time>2026-08-24T20:52:50.000Z</time></trkpt><trkpt lat="42.02269134909619" lon="-2.188716661933116"><time>2026-08-24T20:52:51.000Z</time></trkpt><trkpt lat="42.02270364698677" lon="-2.1887167912174843"><time>2026-08-24T20:52:52.000Z</time></trkpt><trkpt lat="42.02271526029068" lon="-2.18871655093125"><time>2026-08-24T20:52:53.000Z</time></trkpt><trkpt lat="42.02272656994086" lon="-2.1887160974819007"><time>2026-08-24T20:52:54.000Z</time></trkpt><trkpt lat="42.022738261402296" lon="-2.1887152778371095"><time>2026-08-24T20:52:55.000Z</time></trkpt><trkpt lat="42.02275007835682" lon="-2.188714259577673"><time>2026-08-24T20:52:56.000Z</time></trkpt><trkpt lat="42.02276189913722" lon="-2.1887124639962403"><time>2026-08-24T20:52:57.000Z</time></trkpt><trkpt lat="42.022773673145835" lon="-2.1887099055332455"><time>2026-08-24T20:52:58.000Z</time></trkpt><trkpt lat="42.022785875158554" lon="-2.1887067798524256"><time>2026-08-24T20:52:59.000Z</time></trkpt><trkpt lat="42.02279815615964" lon="-2.188703944151446"><time>2026-08-24T20:53:00.000Z</time></trkpt><trkpt lat="42.022810851885346" lon="-2.188701500029772"><time>2026-08-24T20:53:01.000Z</time></trkpt><trkpt lat="42.02282306815255" lon="-2.1886989188595565"><time>2026-08-24T20:53:02.000Z</time></trkpt><trkpt lat="42.02283449824458" lon="-2.188696612537471"><time>2026-08-24T20:53:03.000Z</time></trkpt><trkpt lat="42.02284511674969" lon="-2.18869447061465"><time>2026-08-24T20:53:04.000Z</time></trkpt><trkpt lat="42.02285599658967" lon="-2.18869276311147"><time>2026-08-24T20:53:05.000Z</time></trkpt><trkpt lat="42.02286754608754" lon="-2.188691239467588"><time>2026-08-24T20:53:06.000Z</time></trkpt><trkpt lat="42.02287886823354" lon="-2.1886892832852163"><time>2026-08-24T20:53:07.000Z</time></trkpt><trkpt lat="42.02289011240001" lon="-2.18868709403548"><time>2026-08-24T20:53:08.000Z</time></trkpt><trkpt lat="42.02290135011203" lon="-2.1886851203883837"><time>2026-08-24T20:53:09.000Z</time></trkpt><trkpt lat="42.02291261165442" lon="-2.1886833664456065"><time>2026-08-24T20:53:10.000Z</time></trkpt><trkpt lat="42.02292390644089" lon="-2.1886817750969763"><time>2026-08-24T20:53:11.000Z</time></trkpt><trkpt lat="42.02293523408149" lon="-2.1886803325545703"><time>2026-08-24T20:53:12.000Z</time></trkpt><trkpt lat="42.022946100588236" lon="-2.188678646833045"><time>2026-08-24T20:53:13.000Z</time></trkpt><trkpt lat="42.02295685131685" lon="-2.188677138523382"><time>2026-08-24T20:53:14.000Z</time></trkpt><trkpt lat="42.02296715374566" lon="-2.188675805065111"><time>2026-08-24T20:53:15.000Z</time></trkpt><trkpt lat="42.02297741808039" lon="-2.188674561760506"><time>2026-08-24T20:53:16.000Z</time></trkpt><trkpt lat="42.02298781814673" lon="-2.1886736681637693"><time>2026-08-24T20:53:17.000Z</time></trkpt><trkpt lat="42.022998897721585" lon="-2.1886728802768642"><time>2026-08-24T20:53:18.000Z</time></trkpt><trkpt lat="42.0230103039259" lon="-2.188671778038929"><time>2026-08-24T20:53:19.000Z</time></trkpt><trkpt lat="42.02302087028868" lon="-2.188669371982789"><time>2026-08-24T20:53:20.000Z</time></trkpt><trkpt lat="42.023030713821285" lon="-2.1886657585632587"><time>2026-08-24T20:53:21.000Z</time></trkpt><trkpt lat="42.023040465097665" lon="-2.188661805681512"><time>2026-08-24T20:53:22.000Z</time></trkpt><trkpt lat="42.02305039565015" lon="-2.188658128542301"><time>2026-08-24T20:53:23.000Z</time></trkpt><trkpt lat="42.023060594294996" lon="-2.1886549451163213"><time>2026-08-24T20:53:24.000Z</time></trkpt><trkpt lat="42.02307155281107" lon="-2.188652618411129"><time>2026-08-24T20:53:25.000Z</time></trkpt><trkpt lat="42.02308239697974" lon="-2.188650728956569"><time>2026-08-24T20:53:26.000Z</time></trkpt><trkpt lat="42.02309376066618" lon="-2.1886491702830417"><time>2026-08-24T20:53:27.000Z</time></trkpt><trkpt lat="42.02310485901665" lon="-2.188647886688235"><time>2026-08-24T20:53:28.000Z</time></trkpt><trkpt lat="42.0231158924683" lon="-2.188646972929459"><time>2026-08-24T20:53:29.000Z</time></trkpt><trkpt lat="42.0231274415081" lon="-2.188646389962377"><time>2026-08-24T20:53:30.000Z</time></trkpt><trkpt lat="42.02313918941439" lon="-2.1886461098512786"><time>2026-08-24T20:53:31.000Z</time></trkpt><trkpt lat="42.02315098022639" lon="-2.1886458680155543"><time>2026-08-24T20:53:32.000Z</time></trkpt><trkpt lat="42.02316274420739" lon="-2.1886453669755177"><time>2026-08-24T20:53:33.000Z</time></trkpt><trkpt lat="42.023174456081186" lon="-2.1886447010915773"><time>2026-08-24T20:53:34.000Z</time></trkpt><trkpt lat="42.02318611212609" lon="-2.1886442363885976"><time>2026-08-24T20:53:35.000Z</time></trkpt><trkpt lat="42.02319771797493" lon="-2.188643975383898"><time>2026-08-24T20:53:36.000Z</time></trkpt><trkpt lat="42.023209772000705" lon="-2.1886435869631913"><time>2026-08-24T20:53:37.000Z</time></trkpt><trkpt lat="42.02322144270597" lon="-2.1886426145089235"><time>2026-08-24T20:53:38.000Z</time></trkpt><trkpt lat="42.02323341607218" lon="-2.188641189735892"><time>2026-08-24T20:53:39.000Z</time></trkpt><trkpt lat="42.02324544615269" lon="-2.1886393943424074"><time>2026-08-24T20:53:40.000Z</time></trkpt><trkpt lat="42.02325742437929" lon="-2.1886375237477784"><time>2026-08-24T20:53:41.000Z</time></trkpt><trkpt lat="42.02326931269532" lon="-2.1886352808581893"><time>2026-08-24T20:53:42.000Z</time></trkpt><trkpt lat="42.023281106967666" lon="-2.1886327135066486"><time>2026-08-24T20:53:43.000Z</time></trkpt><trkpt lat="42.023293307175166" lon="-2.1886299748385754"><time>2026-08-24T20:53:44.000Z</time></trkpt><trkpt lat="42.023305087903374" lon="-2.188627364117224"><time>2026-08-24T20:53:45.000Z</time></trkpt><trkpt lat="42.02331665266925" lon="-2.188624988167414"><time>2026-08-24T20:53:46.000Z</time></trkpt><trkpt lat="42.0233281130063" lon="-2.1886229220519238"><time>2026-08-24T20:53:47.000Z</time></trkpt><trkpt lat="42.02334001786164" lon="-2.1886208815113695"><time>2026-08-24T20:53:48.000Z</time></trkpt><trkpt lat="42.02335204664613" lon="-2.1886183483871258"><time>2026-08-24T20:53:49.000Z</time></trkpt><trkpt lat="42.02336405142436" lon="-2.188615815120499"><time>2026-08-24T20:53:50.000Z</time></trkpt><trkpt lat="42.02337597435275" lon="-2.188613117325552"><time>2026-08-24T20:53:51.000Z</time></trkpt><trkpt lat="42.023387802114705" lon="-2.188609565805697"><time>2026-08-24T20:53:52.000Z</time></trkpt><trkpt lat="42.02339905182984" lon="-2.1886051393044146"><time>2026-08-24T20:53:53.000Z</time></trkpt><trkpt lat="42.02340959882335" lon="-2.188599635363466"><time>2026-08-24T20:53:54.000Z</time></trkpt><trkpt lat="42.023419971553864" lon="-2.188593506700174"><time>2026-08-24T20:53:55.000Z</time></trkpt><trkpt lat="42.02342992041405" lon="-2.1885867751354877"><time>2026-08-24T20:53:56.000Z</time></trkpt><trkpt lat="42.02343939701039" lon="-2.188579312832837"><time>2026-08-24T20:53:57.000Z</time></trkpt><trkpt lat="42.02344844202718" lon="-2.188571344537952"><time>2026-08-24T20:53:58.000Z</time></trkpt><trkpt lat="42.02345761722276" lon="-2.1885631807552755"><time>2026-08-24T20:53:59.000Z</time></trkpt><trkpt lat="42.023466647629085" lon="-2.1885552192567626"><time>2026-08-24T20:54:00.000Z</time></trkpt><trkpt lat="42.02347543858862" lon="-2.188547965103267"><time>2026-08-24T20:54:01.000Z</time></trkpt><trkpt lat="42.023484471461494" lon="-2.1885414743077014"><time>2026-08-24T20:54:02.000Z</time></trkpt><trkpt lat="42.02349391343865" lon="-2.1885356413615527"><time>2026-08-24T20:54:03.000Z</time></trkpt><trkpt lat="42.02350378086697" lon="-2.1885300935736103"><time>2026-08-24T20:54:04.000Z</time></trkpt><trkpt lat="42.023514025872636" lon="-2.1885244572535996"><time>2026-08-24T20:54:05.000Z</time></trkpt><trkpt lat="42.023524580278135" lon="-2.1885186816683517"><time>2026-08-24T20:54:06.000Z</time></trkpt><trkpt lat="42.023535376294696" lon="-2.188512916802057"><time>2026-08-24T20:54:07.000Z</time></trkpt><trkpt lat="42.023546354994224" lon="-2.1885071006447907"><time>2026-08-24T20:54:08.000Z</time></trkpt><trkpt lat="42.023557958271695" lon="-2.1885013672452343"><time>2026-08-24T20:54:09.000Z</time></trkpt><trkpt lat="42.02356930872934" lon="-2.1884954245799775"><time>2026-08-24T20:54:10.000Z</time></trkpt><trkpt lat="42.023580077474534" lon="-2.188489209843642"><time>2026-08-24T20:54:11.000Z</time></trkpt><trkpt lat="42.023590693330846" lon="-2.1884826708894622"><time>2026-08-24T20:54:12.000Z</time></trkpt><trkpt lat="42.02360086291458" lon="-2.18847582785453"><time>2026-08-24T20:54:13.000Z</time></trkpt><trkpt lat="42.023610522678936" lon="-2.1884688504629315"><time>2026-08-24T20:54:14.000Z</time></trkpt><trkpt lat="42.0236202014984" lon="-2.1884619176591693"><time>2026-08-24T20:54:15.000Z</time></trkpt><trkpt lat="42.02362962512481" lon="-2.1884553116204226"><time>2026-08-24T20:54:16.000Z</time></trkpt><trkpt lat="42.02363871336726" lon="-2.1884485864055856"><time>2026-08-24T20:54:17.000Z</time></trkpt><trkpt lat="42.023647965857116" lon="-2.188442002066602"><time>2026-08-24T20:54:18.000Z</time></trkpt><trkpt lat="42.02365658805708" lon="-2.188435433415687"><time>2026-08-24T20:54:19.000Z</time></trkpt><trkpt lat="42.02366482325757" lon="-2.18842894928545"><time>2026-08-24T20:54:20.000Z</time></trkpt><trkpt lat="42.023673310935116" lon="-2.1884227201786723"><time>2026-08-24T20:54:21.000Z</time></trkpt><trkpt lat="42.02368228204243" lon="-2.188416477575574"><time>2026-08-24T20:54:22.000Z</time></trkpt><trkpt lat="42.02369176964605" lon="-2.1884101432236505"><time>2026-08-24T20:54:23.000Z</time></trkpt><trkpt lat="42.02370074185114" lon="-2.1884036048697433"><time>2026-08-24T20:54:24.000Z</time></trkpt><trkpt lat="42.02370932945021" lon="-2.1883968730682675"><time>2026-08-24T20:54:25.000Z</time></trkpt><trkpt lat="42.02371763567161" lon="-2.1883898545919314"><time>2026-08-24T20:54:26.000Z</time></trkpt><trkpt lat="42.02372573914259" lon="-2.188382884448212"><time>2026-08-24T20:54:27.000Z</time></trkpt><trkpt lat="42.02373369826719" lon="-2.1883760025989503"><time>2026-08-24T20:54:28.000Z</time></trkpt><trkpt lat="42.02374155562479" lon="-2.1883694589746154"><time>2026-08-24T20:54:29.000Z</time></trkpt><trkpt lat="42.023749341812625" lon="-2.188363527298897"><time>2026-08-24T20:54:30.000Z</time></trkpt><trkpt lat="42.0237570785662" lon="-2.188357599143722"><time>2026-08-24T20:54:31.000Z</time></trkpt><trkpt lat="42.02376478118172" lon="-2.188351239882283"><time>2026-08-24T20:54:32.000Z</time></trkpt><trkpt lat="42.02377294995087" lon="-2.1883446930605666"><time>2026-08-24T20:54:33.000Z</time></trkpt><trkpt lat="42.02378124146971" lon="-2.1883381442533376"><time>2026-08-24T20:54:34.000Z</time></trkpt><trkpt lat="42.02378998816894" lon="-2.1883318231446283"><time>2026-08-24T20:54:35.000Z</time></trkpt><trkpt lat="42.02379926853288" lon="-2.1883259175038767"><time>2026-08-24T20:54:36.000Z</time></trkpt><trkpt lat="42.02380855677832" lon="-2.1883201759301425"><time>2026-08-24T20:54:37.000Z</time></trkpt><trkpt lat="42.023817635358625" lon="-2.1883145350317093"><time>2026-08-24T20:54:38.000Z</time></trkpt><trkpt lat="42.023826441591034" lon="-2.188308833377577"><time>2026-08-24T20:54:39.000Z</time></trkpt><trkpt lat="42.02383498461614" lon="-2.1883031346856328"><time>2026-08-24T20:54:40.000Z</time></trkpt><trkpt lat="42.02384379159121" lon="-2.1882975260181627"><time>2026-08-24T20:54:41.000Z</time></trkpt><trkpt lat="42.02385255612901" lon="-2.188291756269842"><time>2026-08-24T20:54:42.000Z</time></trkpt><trkpt lat="42.023861157495794" lon="-2.188285650899615"><time>2026-08-24T20:54:43.000Z</time></trkpt><trkpt lat="42.023870056522775" lon="-2.1882794259075293"><time>2026-08-24T20:54:44.000Z</time></trkpt><trkpt lat="42.023878915180745" lon="-2.1882731244015634"><time>2026-08-24T20:54:45.000Z</time></trkpt><trkpt lat="42.023888089049926" lon="-2.1882666515528073"><time>2026-08-24T20:54:46.000Z</time></trkpt><trkpt lat="42.02389768411323" lon="-2.188260020899804"><time>2026-08-24T20:54:47.000Z</time></trkpt><trkpt lat="42.023907200347715" lon="-2.1882533194734415"><time>2026-08-24T20:54:48.000Z</time></trkpt><trkpt lat="42.023916931555426" lon="-2.188246592199594"><time>2026-08-24T20:54:49.000Z</time></trkpt><trkpt lat="42.02392697114236" lon="-2.188239983300376"><time>2026-08-24T20:54:50.000Z</time></trkpt><trkpt lat="42.023936828385594" lon="-2.1882336899813772"><time>2026-08-24T20:54:51.000Z</time></trkpt><trkpt lat="42.02394681420322" lon="-2.188227691752865"><time>2026-08-24T20:54:52.000Z</time></trkpt><trkpt lat="42.02395704013936" lon="-2.188222156506713"><time>2026-08-24T20:54:53.000Z</time></trkpt><trkpt lat="42.023968010923355" lon="-2.188217308167954"><time>2026-08-24T20:54:54.000Z</time></trkpt><trkpt lat="42.02397836998764" lon="-2.188212416376931"><time>2026-08-24T20:54:55.000Z</time></trkpt><trkpt lat="42.023988126776366" lon="-2.1882063291056317"><time>2026-08-24T20:54:56.000Z</time></trkpt><trkpt lat="42.02399736248012" lon="-2.1881991537578784"><time>2026-08-24T20:54:57.000Z</time></trkpt><trkpt lat="42.02400568780572" lon="-2.1881911354204404"><time>2026-08-24T20:54:58.000Z</time></trkpt><trkpt lat="42.02401354888554" lon="-2.188182452624008"><time>2026-08-24T20:54:59.000Z</time></trkpt><trkpt lat="42.024020699426394" lon="-2.1881734477797607"><time>2026-08-24T20:55:00.000Z</time></trkpt><trkpt lat="42.02402663958251" lon="-2.1881647316476824"><time>2026-08-24T20:55:01.000Z</time></trkpt><trkpt lat="42.02403131885178" lon="-2.1881564269013403"><time>2026-08-24T20:55:02.000Z</time></trkpt><trkpt lat="42.02403585748992" lon="-2.188148102851772"><time>2026-08-24T20:55:03.000Z</time></trkpt><trkpt lat="42.024040245294756" lon="-2.1881399212117416"><time>2026-08-24T20:55:04.000Z</time></trkpt><trkpt lat="42.02404596625577" lon="-2.1881324505131916"><time>2026-08-24T20:55:05.000Z</time></trkpt><trkpt lat="42.02405248119951" lon="-2.18812565004429"><time>2026-08-24T20:55:06.000Z</time></trkpt><trkpt lat="42.02405946616989" lon="-2.1881187132003213"><time>2026-08-24T20:55:07.000Z</time></trkpt><trkpt lat="42.024066727423765" lon="-2.188111141694117"><time>2026-08-24T20:55:08.000Z</time></trkpt><trkpt lat="42.02407414971071" lon="-2.188102689369687"><time>2026-08-24T20:55:09.000Z</time></trkpt><trkpt lat="42.024081664898375" lon="-2.1880933985041353"><time>2026-08-24T20:55:10.000Z</time></trkpt><trkpt lat="42.02408874339332" lon="-2.1880843121539777"><time>2026-08-24T20:55:11.000Z</time></trkpt><trkpt lat="42.024096691972005" lon="-2.188075833635429"><time>2026-08-24T20:55:12.000Z</time></trkpt><trkpt lat="42.02410544752401" lon="-2.188067683825325"><time>2026-08-24T20:55:13.000Z</time></trkpt><trkpt lat="42.024113901263306" lon="-2.188059368974906"><time>2026-08-24T20:55:14.000Z</time></trkpt><trkpt lat="42.02412212490266" lon="-2.188050737525307"><time>2026-08-24T20:55:15.000Z</time></trkpt><trkpt lat="42.024130177508766" lon="-2.1880417676945587"><time>2026-08-24T20:55:16.000Z</time></trkpt><trkpt lat="42.02413859496973" lon="-2.188032708147473"><time>2026-08-24T20:55:17.000Z</time></trkpt><trkpt lat="42.024147061542955" lon="-2.1880234892034864"><time>2026-08-24T20:55:18.000Z</time></trkpt><trkpt lat="42.02415495128101" lon="-2.1880139190201877"><time>2026-08-24T20:55:19.000Z</time></trkpt><trkpt lat="42.02416208043379" lon="-2.1880043920808"><time>2026-08-24T20:55:20.000Z</time></trkpt><trkpt lat="42.02416896055747" lon="-2.1879950652963798"><time>2026-08-24T20:55:21.000Z</time></trkpt><trkpt lat="42.02417583429043" lon="-2.187985916397217"><time>2026-08-24T20:55:22.000Z</time></trkpt><trkpt lat="42.02418280237951" lon="-2.1879766991759544"><time>2026-08-24T20:55:23.000Z</time></trkpt><trkpt lat="42.02418989420513" lon="-2.1879678106158478"><time>2026-08-24T20:55:24.000Z</time></trkpt><trkpt lat="42.02419710598574" lon="-2.187959769833307"><time>2026-08-24T20:55:25.000Z</time></trkpt><trkpt lat="42.02420491037855" lon="-2.187952192196194"><time>2026-08-24T20:55:26.000Z</time></trkpt><trkpt lat="42.024212936368066" lon="-2.1879447374534995"><time>2026-08-24T20:55:27.000Z</time></trkpt><trkpt lat="42.024220513105504" lon="-2.1879368518965707"><time>2026-08-24T20:55:28.000Z</time></trkpt><trkpt lat="42.0242274219738" lon="-2.1879286381900473"><time>2026-08-24T20:55:29.000Z</time></trkpt><trkpt lat="42.024234148269755" lon="-2.187920027728837"><time>2026-08-24T20:55:30.000Z</time></trkpt><trkpt lat="42.02424042567706" lon="-2.187910461769329"><time>2026-08-24T20:55:31.000Z</time></trkpt><trkpt lat="42.024246691742555" lon="-2.187899435030403"><time>2026-08-24T20:55:32.000Z</time></trkpt><trkpt lat="42.02425312811833" lon="-2.1878872329159083"><time>2026-08-24T20:55:33.000Z</time></trkpt><trkpt lat="42.02425978775572" lon="-2.1878747052349516"><time>2026-08-24T20:55:34.000Z</time></trkpt><trkpt lat="42.024267153417156" lon="-2.187862580360526"><time>2026-08-24T20:55:35.000Z</time></trkpt><trkpt lat="42.02427435408197" lon="-2.187850739353345"><time>2026-08-24T20:55:36.000Z</time></trkpt><trkpt lat="42.02428105221186" lon="-2.1878385765850314"><time>2026-08-24T20:55:37.000Z</time></trkpt><trkpt lat="42.02428766290752" lon="-2.1878260981398236"><time>2026-08-24T20:55:38.000Z</time></trkpt><trkpt lat="42.024293878732685" lon="-2.1878141732579843"><time>2026-08-24T20:55:39.000Z</time></trkpt><trkpt lat="42.02429962375588" lon="-2.187802721664656"><time>2026-08-24T20:55:40.000Z</time></trkpt><trkpt lat="42.02430541674334" lon="-2.187791343547475"><time>2026-08-24T20:55:41.000Z</time></trkpt><trkpt lat="42.02431097557353" lon="-2.187779803618498"><time>2026-08-24T20:55:42.000Z</time></trkpt><trkpt lat="42.024316703723734" lon="-2.1877683317532384"><time>2026-08-24T20:55:43.000Z</time></trkpt><trkpt lat="42.02432274562741" lon="-2.1877572586915335"><time>2026-08-24T20:55:44.000Z</time></trkpt><trkpt lat="42.02432961010789" lon="-2.187746700057909"><time>2026-08-24T20:55:45.000Z</time></trkpt><trkpt lat="42.02433642191787" lon="-2.187736239635707"><time>2026-08-24T20:55:46.000Z</time></trkpt><trkpt lat="42.02434331697213" lon="-2.1877257546090676"><time>2026-08-24T20:55:47.000Z</time></trkpt><trkpt lat="42.02435034056061" lon="-2.1877153199589214"><time>2026-08-24T20:55:48.000Z</time></trkpt><trkpt lat="42.024357984448685" lon="-2.1877050825018243"><time>2026-08-24T20:55:49.000Z</time></trkpt><trkpt lat="42.02436637154721" lon="-2.187695016190973"><time>2026-08-24T20:55:50.000Z</time></trkpt><trkpt lat="42.02437496747442" lon="-2.187685486141692"><time>2026-08-24T20:55:51.000Z</time></trkpt><trkpt lat="42.02438352535124" lon="-2.1876764820902954"><time>2026-08-24T20:55:52.000Z</time></trkpt><trkpt lat="42.02439243799896" lon="-2.187668024100814"><time>2026-08-24T20:55:53.000Z</time></trkpt><trkpt lat="42.02440133204957" lon="-2.187660142152056"><time>2026-08-24T20:55:54.000Z</time></trkpt><trkpt lat="42.02441005612457" lon="-2.1876523768477116"><time>2026-08-24T20:55:55.000Z</time></trkpt><trkpt lat="42.024419059307995" lon="-2.187644615823918"><time>2026-08-24T20:55:56.000Z</time></trkpt><trkpt lat="42.02442849072446" lon="-2.1876373324673692"><time>2026-08-24T20:55:57.000Z</time></trkpt><trkpt lat="42.024438356825414" lon="-2.187630568624634"><time>2026-08-24T20:55:58.000Z</time></trkpt><trkpt lat="42.02444860447666" lon="-2.187624458454695"><time>2026-08-24T20:55:59.000Z</time></trkpt><trkpt lat="42.02445916282438" lon="-2.187618636703481"><time>2026-08-24T20:56:00.000Z</time></trkpt><trkpt lat="42.02446996281118" lon="-2.1876131607343883"><time>2026-08-24T20:56:01.000Z</time></trkpt><trkpt lat="42.02448094498291" lon="-2.1876082239956096"><time>2026-08-24T20:56:02.000Z</time></trkpt><trkpt lat="42.024491571860594" lon="-2.187603867546832"><time>2026-08-24T20:56:03.000Z</time></trkpt><trkpt lat="42.02450313652577" lon="-2.1876000032177956"><time>2026-08-24T20:56:04.000Z</time></trkpt><trkpt lat="42.0245150719277" lon="-2.1875966233362156"><time>2026-08-24T20:56:05.000Z</time></trkpt><trkpt lat="42.02452709695248" lon="-2.1875935401616364"><time>2026-08-24T20:56:06.000Z</time></trkpt><trkpt lat="42.02453908432507" lon="-2.1875904852910653"><time>2026-08-24T20:56:07.000Z</time></trkpt><trkpt lat="42.02455098646196" lon="-2.1875876199603956"><time>2026-08-24T20:56:08.000Z</time></trkpt><trkpt lat="42.024562794706554" lon="-2.18758477204014"><time>2026-08-24T20:56:09.000Z</time></trkpt><trkpt lat="42.02457451754471" lon="-2.1875818684070354"><time>2026-08-24T20:56:10.000Z</time></trkpt><trkpt lat="42.02458665904359" lon="-2.187578886097143"><time>2026-08-24T20:56:11.000Z</time></trkpt><trkpt lat="42.02459888344978" lon="-2.1875759175531853"><time>2026-08-24T20:56:12.000Z</time></trkpt><trkpt lat="42.024611041847784" lon="-2.1875728460760024"><time>2026-08-24T20:56:13.000Z</time></trkpt><trkpt lat="42.0246230813813" lon="-2.1875697286183033"><time>2026-08-24T20:56:14.000Z</time></trkpt><trkpt lat="42.02463499553841" lon="-2.1875665639359787"><time>2026-08-24T20:56:15.000Z</time></trkpt><trkpt lat="42.024646797729176" lon="-2.187563326977209"><time>2026-08-24T20:56:16.000Z</time></trkpt><trkpt lat="42.02465850784699" lon="-2.1875600473020547"><time>2026-08-24T20:56:17.000Z</time></trkpt><trkpt lat="42.02467014590207" lon="-2.1875569261709007"><time>2026-08-24T20:56:18.000Z</time></trkpt><trkpt lat="42.02468172938441" lon="-2.187553903717947"><time>2026-08-24T20:56:19.000Z</time></trkpt><trkpt lat="42.02469376211194" lon="-2.187550973223927"><time>2026-08-24T20:56:20.000Z</time></trkpt><trkpt lat="42.024705904303104" lon="-2.1875480895181694"><time>2026-08-24T20:56:21.000Z</time></trkpt><trkpt lat="42.02471800197505" lon="-2.187545319794674"><time>2026-08-24T20:56:22.000Z</time></trkpt><trkpt lat="42.024729997426476" lon="-2.1875424322914094"><time>2026-08-24T20:56:23.000Z</time></trkpt><trkpt lat="42.024742369624526" lon="-2.1875393466778985"><time>2026-08-24T20:56:24.000Z</time></trkpt><trkpt lat="42.02475477785837" lon="-2.1875363001038317"><time>2026-08-24T20:56:25.000Z</time></trkpt><trkpt lat="42.02476707718678" lon="-2.187533324023378"><time>2026-08-24T20:56:26.000Z</time></trkpt><trkpt lat="42.024779221895976" lon="-2.187530299940011"><time>2026-08-24T20:56:27.000Z</time></trkpt><trkpt lat="42.02479121300464" lon="-2.1875269098080365"><time>2026-08-24T20:56:28.000Z</time></trkpt><trkpt lat="42.0248030706467" lon="-2.187523130828745"><time>2026-08-24T20:56:29.000Z</time></trkpt><trkpt lat="42.02481482024421" lon="-2.18751924832614"><time>2026-08-24T20:56:30.000Z</time></trkpt><trkpt lat="42.02482599652355" lon="-2.1875151176872496"><time>2026-08-24T20:56:31.000Z</time></trkpt><trkpt lat="42.02483697106469" lon="-2.1875108948075277"><time>2026-08-24T20:56:32.000Z</time></trkpt><trkpt lat="42.02484841240003" lon="-2.187506900534202"><time>2026-08-24T20:56:33.000Z</time></trkpt><trkpt lat="42.02486004633058" lon="-2.1875029928562646"><time>2026-08-24T20:56:34.000Z</time></trkpt><trkpt lat="42.02487124560213" lon="-2.1874990715737974"><time>2026-08-24T20:56:35.000Z</time></trkpt><trkpt lat="42.02488229728891" lon="-2.1874951277679164"><time>2026-08-24T20:56:36.000Z</time></trkpt><trkpt lat="42.024893338559956" lon="-2.1874913748610205"><time>2026-08-24T20:56:37.000Z</time></trkpt><trkpt lat="42.02490442724288" lon="-2.1874870500280545"><time>2026-08-24T20:56:38.000Z</time></trkpt><trkpt lat="42.024915581067795" lon="-2.187482402128687"><time>2026-08-24T20:56:39.000Z</time></trkpt><trkpt lat="42.02492630936505" lon="-2.1874775445160486"><time>2026-08-24T20:56:40.000Z</time></trkpt><trkpt lat="42.024936954286964" lon="-2.1874726119904464"><time>2026-08-24T20:56:41.000Z</time></trkpt><trkpt lat="42.02494766744438" lon="-2.18746760848078"><time>2026-08-24T20:56:42.000Z</time></trkpt><trkpt lat="42.02495850251777" lon="-2.1874625447157987"><time>2026-08-24T20:56:43.000Z</time></trkpt><trkpt lat="42.02496946596682" lon="-2.1874576470522835"><time>2026-08-24T20:56:44.000Z</time></trkpt><trkpt lat="42.02498054397501" lon="-2.1874530485939605"><time>2026-08-24T20:56:45.000Z</time></trkpt><trkpt lat="42.02499122653814" lon="-2.187448429147549"><time>2026-08-24T20:56:46.000Z</time></trkpt><trkpt lat="42.02500184398485" lon="-2.187443751342559"><time>2026-08-24T20:56:47.000Z</time></trkpt><trkpt lat="42.0250125407131" lon="-2.1874391602821297"><time>2026-08-24T20:56:48.000Z</time></trkpt><trkpt lat="42.025023366015105" lon="-2.1874346127890494"><time>2026-08-24T20:56:49.000Z</time></trkpt><trkpt lat="42.02503432368881" lon="-2.187429840684389"><time>2026-08-24T20:56:50.000Z</time></trkpt><trkpt lat="42.02504539830861" lon="-2.1874248235530063"><time>2026-08-24T20:56:51.000Z</time></trkpt><trkpt lat="42.02505656851189" lon="-2.187419370231428"><time>2026-08-24T20:56:52.000Z</time></trkpt><trkpt lat="42.02506830284344" lon="-2.1874135191778397"><time>2026-08-24T20:56:53.000Z</time></trkpt><trkpt lat="42.02508023224998" lon="-2.187407612684879"><time>2026-08-24T20:56:54.000Z</time></trkpt><trkpt lat="42.02509217970549" lon="-2.1874015234296555"><time>2026-08-24T20:56:55.000Z</time></trkpt><trkpt lat="42.0251040699882" lon="-2.187395130631625"><time>2026-08-24T20:56:56.000Z</time></trkpt><trkpt lat="42.02511636906794" lon="-2.187388607112574"><time>2026-08-24T20:56:57.000Z</time></trkpt><trkpt lat="42.02512872676752" lon="-2.187381887820804"><time>2026-08-24T20:56:58.000Z</time></trkpt><trkpt lat="42.02514099134853" lon="-2.1873748486903333"><time>2026-08-24T20:56:59.000Z</time></trkpt><trkpt lat="42.02515360188227" lon="-2.1873676020801214"><time>2026-08-24T20:57:00.000Z</time></trkpt><trkpt lat="42.02516620517983" lon="-2.1873601290910547"><time>2026-08-24T20:57:01.000Z</time></trkpt><trkpt lat="42.025179146325605" lon="-2.1873523591932393"><time>2026-08-24T20:57:02.000Z</time></trkpt><trkpt lat="42.02519252407455" lon="-2.1873442096459113"><time>2026-08-24T20:57:03.000Z</time></trkpt><trkpt lat="42.02520583344926" lon="-2.1873357563024314"><time>2026-08-24T20:57:04.000Z</time></trkpt><trkpt lat="42.02521887525896" lon="-2.1873269469908654"><time>2026-08-24T20:57:05.000Z</time></trkpt><trkpt lat="42.025231601811775" lon="-2.187317775312372"><time>2026-08-24T20:57:06.000Z</time></trkpt><trkpt lat="42.02524452353999" lon="-2.187309080758197"><time>2026-08-24T20:57:07.000Z</time></trkpt><trkpt lat="42.02525733599555" lon="-2.187300780612682"><time>2026-08-24T20:57:08.000Z</time></trkpt><trkpt lat="42.02526992782156" lon="-2.187292392380379"><time>2026-08-24T20:57:09.000Z</time></trkpt><trkpt lat="42.02528228147502" lon="-2.18728366745805"><time>2026-08-24T20:57:10.000Z</time></trkpt><trkpt lat="42.02529442030022" lon="-2.1872740264649644"><time>2026-08-24T20:57:11.000Z</time></trkpt><trkpt lat="42.02530638148399" lon="-2.18726350137243"><time>2026-08-24T20:57:12.000Z</time></trkpt><trkpt lat="42.02531869275175" lon="-2.1872526778300783"><time>2026-08-24T20:57:13.000Z</time></trkpt><trkpt lat="42.02533152650567" lon="-2.187242600350132"><time>2026-08-24T20:57:14.000Z</time></trkpt><trkpt lat="42.02534439707578" lon="-2.187233603341576"><time>2026-08-24T20:57:15.000Z</time></trkpt><trkpt lat="42.02535758933231" lon="-2.187225594046322"><time>2026-08-24T20:57:16.000Z</time></trkpt><trkpt lat="42.02537117930636" lon="-2.1872182238880087"><time>2026-08-24T20:57:17.000Z</time></trkpt><trkpt lat="42.02538465765301" lon="-2.1872109612723696"><time>2026-08-24T20:57:18.000Z</time></trkpt><trkpt lat="42.02539831854486" lon="-2.1872038794748567"><time>2026-08-24T20:57:19.000Z</time></trkpt><trkpt lat="42.02541177009198" lon="-2.187196495854393"><time>2026-08-24T20:57:20.000Z</time></trkpt><trkpt lat="42.02542536738073" lon="-2.1871883443751696"><time>2026-08-24T20:57:21.000Z</time></trkpt><trkpt lat="42.02543874833117" lon="-2.1871793316616093"><time>2026-08-24T20:57:22.000Z</time></trkpt><trkpt lat="42.025452281204025" lon="-2.1871694073940042"><time>2026-08-24T20:57:23.000Z</time></trkpt><trkpt lat="42.02546609816233" lon="-2.1871586372449383"><time>2026-08-24T20:57:24.000Z</time></trkpt><trkpt lat="42.025480217173296" lon="-2.1871472792308317"><time>2026-08-24T20:57:25.000Z</time></trkpt><trkpt lat="42.025494117257786" lon="-2.187135790469011"><time>2026-08-24T20:57:26.000Z</time></trkpt><trkpt lat="42.02550761195811" lon="-2.1871241617922608"><time>2026-08-24T20:57:27.000Z</time></trkpt><trkpt lat="42.02552067651522" lon="-2.187112376782421"><time>2026-08-24T20:57:28.000Z</time></trkpt><trkpt lat="42.02553335594074" lon="-2.187100356941071"><time>2026-08-24T20:57:29.000Z</time></trkpt><trkpt lat="42.02554571820301" lon="-2.187088130680875"><time>2026-08-24T20:57:30.000Z</time></trkpt><trkpt lat="42.02555832161171" lon="-2.187075368988699"><time>2026-08-24T20:57:31.000Z</time></trkpt><trkpt lat="42.02557087553598" lon="-2.187061882685191"><time>2026-08-24T20:57:32.000Z</time></trkpt><trkpt lat="42.02558375624622" lon="-2.1870477480640806"><time>2026-08-24T20:57:33.000Z</time></trkpt><trkpt lat="42.02559609753939" lon="-2.187032498343642"><time>2026-08-24T20:57:34.000Z</time></trkpt><trkpt lat="42.02560810152819" lon="-2.187015931405588"><time>2026-08-24T20:57:35.000Z</time></trkpt><trkpt lat="42.025619894741865" lon="-2.1869982248757447"><time>2026-08-24T20:57:36.000Z</time></trkpt><trkpt lat="42.025631066731435" lon="-2.1869795063692408"><time>2026-08-24T20:57:37.000Z</time></trkpt><trkpt lat="42.02564201780411" lon="-2.186960019529242"><time>2026-08-24T20:57:38.000Z</time></trkpt><trkpt lat="42.02565245156348" lon="-2.186939596102605"><time>2026-08-24T20:57:39.000Z</time></trkpt><trkpt lat="42.02566182272938" lon="-2.1869177055939413"><time>2026-08-24T20:57:40.000Z</time></trkpt><trkpt lat="42.02567004311952" lon="-2.1868945014292995"><time>2026-08-24T20:57:41.000Z</time></trkpt><trkpt lat="42.025677224117814" lon="-2.186870490806372"><time>2026-08-24T20:57:42.000Z</time></trkpt><trkpt lat="42.02568305538962" lon="-2.1868456801071443"><time>2026-08-24T20:57:43.000Z</time></trkpt><trkpt lat="42.02568807197477" lon="-2.186820327651832"><time>2026-08-24T20:57:44.000Z</time></trkpt><trkpt lat="42.02569259878429" lon="-2.186794609358887"><time>2026-08-24T20:57:45.000Z</time></trkpt><trkpt lat="42.025696832489345" lon="-2.1867685528301095"><time>2026-08-24T20:57:46.000Z</time></trkpt><trkpt lat="42.02570040209457" lon="-2.186742457650208"><time>2026-08-24T20:57:47.000Z</time></trkpt><trkpt lat="42.02570372965854" lon="-2.1867165133602966"><time>2026-08-24T20:57:48.000Z</time></trkpt><trkpt lat="42.02570702006466" lon="-2.186691115260525"><time>2026-08-24T20:57:49.000Z</time></trkpt><trkpt lat="42.02571085207054" lon="-2.186666325445336"><time>2026-08-24T20:57:50.000Z</time></trkpt><trkpt lat="42.02571490490372" lon="-2.1866421526162134"><time>2026-08-24T20:57:51.000Z</time></trkpt><trkpt lat="42.02571901811657" lon="-2.1866182457615184"><time>2026-08-24T20:57:52.000Z</time></trkpt><trkpt lat="42.025723607492374" lon="-2.186594640390183"><time>2026-08-24T20:57:53.000Z</time></trkpt><trkpt lat="42.02572878314976" lon="-2.1865712818303735"><time>2026-08-24T20:57:54.000Z</time></trkpt><trkpt lat="42.025734515190905" lon="-2.186548146489183"><time>2026-08-24T20:57:55.000Z</time></trkpt><trkpt lat="42.025740719891864" lon="-2.186524767591203"><time>2026-08-24T20:57:56.000Z</time></trkpt><trkpt lat="42.02574730210716" lon="-2.1865010453642264"><time>2026-08-24T20:57:57.000Z</time></trkpt><trkpt lat="42.02575417419933" lon="-2.1864772275897986"><time>2026-08-24T20:57:58.000Z</time></trkpt><trkpt lat="42.02576126287106" lon="-2.1864534897773202"><time>2026-08-24T20:57:59.000Z</time></trkpt><trkpt lat="42.025768510138434" lon="-2.186429924545084"><time>2026-08-24T20:58:00.000Z</time></trkpt><trkpt lat="42.02577587176623" lon="-2.1864066090873058"><time>2026-08-24T20:58:01.000Z</time></trkpt><trkpt lat="42.025783314858906" lon="-2.186383328932319"><time>2026-08-24T20:58:02.000Z</time></trkpt><trkpt lat="42.02579032580249" lon="-2.1863598994204874"><time>2026-08-24T20:58:03.000Z</time></trkpt><trkpt lat="42.02579772776052" lon="-2.1863366002798412"><time>2026-08-24T20:58:04.000Z</time></trkpt><trkpt lat="42.02580483033185" lon="-2.1863132239721303"><time>2026-08-24T20:58:05.000Z</time></trkpt><trkpt lat="42.02581187722272" lon="-2.1862895725278033"><time>2026-08-24T20:58:06.000Z</time></trkpt><trkpt lat="42.02581799672474" lon="-2.186265354924456"><time>2026-08-24T20:58:07.000Z</time></trkpt><trkpt lat="42.0258234384789" lon="-2.1862410441862936"><time>2026-08-24T20:58:08.000Z</time></trkpt><trkpt lat="42.025828392283614" lon="-2.1862168164735065"><time>2026-08-24T20:58:09.000Z</time></trkpt><trkpt lat="42.02583299893175" lon="-2.186192641876563"><time>2026-08-24T20:58:10.000Z</time></trkpt><trkpt lat="42.025837360963536" lon="-2.1861685318610466"><time>2026-08-24T20:58:11.000Z</time></trkpt><trkpt lat="42.02584204161521" lon="-2.1861445746619292"><time>2026-08-24T20:58:12.000Z</time></trkpt><trkpt lat="42.02584723195187" lon="-2.186120756402898"><time>2026-08-24T20:58:13.000Z</time></trkpt><trkpt lat="42.02585245563257" lon="-2.186097114737801"><time>2026-08-24T20:58:14.000Z</time></trkpt><trkpt lat="42.02585751220455" lon="-2.186073581306859"><time>2026-08-24T20:58:15.000Z</time></trkpt><trkpt lat="42.02586283017349" lon="-2.186050175266871"><time>2026-08-24T20:58:16.000Z</time></trkpt><trkpt lat="42.02586806285175" lon="-2.1860267657541557"><time>2026-08-24T20:58:17.000Z</time></trkpt><trkpt lat="42.025872099187524" lon="-2.186003023914431"><time>2026-08-24T20:58:18.000Z</time></trkpt><trkpt lat="42.02587512477198" lon="-2.1859789487701966"><time>2026-08-24T20:58:19.000Z</time></trkpt><trkpt lat="42.02587587693429" lon="-2.18595470510067"><time>2026-08-24T20:58:20.000Z</time></trkpt><trkpt lat="42.02587510667605" lon="-2.1859302599947386"><time>2026-08-24T20:58:21.000Z</time></trkpt><trkpt lat="42.02587380829572" lon="-2.1859057787558847"><time>2026-08-24T20:58:22.000Z</time></trkpt><trkpt lat="42.02587196945164" lon="-2.1858813953005285"><time>2026-08-24T20:58:23.000Z</time></trkpt><trkpt lat="42.02587014403942" lon="-2.185857091028226"><time>2026-08-24T20:58:24.000Z</time></trkpt><trkpt lat="42.02586855844778" lon="-2.1858329093169964"><time>2026-08-24T20:58:25.000Z</time></trkpt><trkpt lat="42.02586678551993" lon="-2.1858088217001628"><time>2026-08-24T20:58:26.000Z</time></trkpt><trkpt lat="42.025864673382756" lon="-2.1857848349779885"><time>2026-08-24T20:58:27.000Z</time></trkpt><trkpt lat="42.02586220302687" lon="-2.1857608471993815"><time>2026-08-24T20:58:28.000Z</time></trkpt><trkpt lat="42.025859902211" lon="-2.1857367553117455"><time>2026-08-24T20:58:29.000Z</time></trkpt><trkpt lat="42.02585747691299" lon="-2.1857126832401406"><time>2026-08-24T20:58:30.000Z</time></trkpt><trkpt lat="42.025854822021785" lon="-2.1856888018803353"><time>2026-08-24T20:58:31.000Z</time></trkpt><trkpt lat="42.02585192371709" lon="-2.185665187736"><time>2026-08-24T20:58:32.000Z</time></trkpt><trkpt lat="42.02584929715963" lon="-2.185641440208567"><time>2026-08-24T20:58:33.000Z</time></trkpt><trkpt lat="42.025847609242035" lon="-2.1856174726390343"><time>2026-08-24T20:58:34.000Z</time></trkpt><trkpt lat="42.02584701413992" lon="-2.1855934305837237"><time>2026-08-24T20:58:35.000Z</time></trkpt><trkpt lat="42.02584743508674" lon="-2.1855694447490466"><time>2026-08-24T20:58:36.000Z</time></trkpt><trkpt lat="42.02584871005912" lon="-2.185545684151083"><time>2026-08-24T20:58:37.000Z</time></trkpt><trkpt lat="42.02585017310694" lon="-2.185522220088164"><time>2026-08-24T20:58:38.000Z</time></trkpt><trkpt lat="42.02585152583052" lon="-2.185498982662168"><time>2026-08-24T20:58:39.000Z</time></trkpt><trkpt lat="42.02585314910949" lon="-2.185475699793566"><time>2026-08-24T20:58:40.000Z</time></trkpt><trkpt lat="42.02585516507742" lon="-2.185452754874044"><time>2026-08-24T20:58:41.000Z</time></trkpt><trkpt lat="42.02585806324255" lon="-2.1854302930224936"><time>2026-08-24T20:58:42.000Z</time></trkpt><trkpt lat="42.02586144236143" lon="-2.185408587408644"><time>2026-08-24T20:58:43.000Z</time></trkpt><trkpt lat="42.02586507545893" lon="-2.185387072058326"><time>2026-08-24T20:58:44.000Z</time></trkpt><trkpt lat="42.02586932607197" lon="-2.185365305860483"><time>2026-08-24T20:58:45.000Z</time></trkpt><trkpt lat="42.02587377504937" lon="-2.1853430781454466"><time>2026-08-24T20:58:46.000Z</time></trkpt><trkpt lat="42.02587871392155" lon="-2.185320361387454"><time>2026-08-24T20:58:47.000Z</time></trkpt><trkpt lat="42.02588371026259" lon="-2.1852972376190656"><time>2026-08-24T20:58:48.000Z</time></trkpt><trkpt lat="42.025889068219655" lon="-2.185273792863193"><time>2026-08-24T20:58:49.000Z</time></trkpt><trkpt lat="42.02589437702719" lon="-2.185249981342543"><time>2026-08-24T20:58:50.000Z</time></trkpt><trkpt lat="42.02589996343715" lon="-2.185225984281522"><time>2026-08-24T20:58:51.000Z</time></trkpt><trkpt lat="42.02590592638701" lon="-2.1852020225308646"><time>2026-08-24T20:58:52.000Z</time></trkpt><trkpt lat="42.02591225829422" lon="-2.1851780907102447"><time>2026-08-24T20:58:53.000Z</time></trkpt><trkpt lat="42.0259189086809" lon="-2.185154305165045"><time>2026-08-24T20:58:54.000Z</time></trkpt><trkpt lat="42.0259253262716" lon="-2.185130480831299"><time>2026-08-24T20:58:55.000Z</time></trkpt><trkpt lat="42.02593131391172" lon="-2.185106515871281"><time>2026-08-24T20:58:56.000Z</time></trkpt><trkpt lat="42.02593733520055" lon="-2.185082661799963"><time>2026-08-24T20:58:57.000Z</time></trkpt><trkpt lat="42.02594357674497" lon="-2.185058854963881"><time>2026-08-24T20:58:58.000Z</time></trkpt><trkpt lat="42.02595008712645" lon="-2.18503509368651"><time>2026-08-24T20:58:59.000Z</time></trkpt><trkpt lat="42.025957341458245" lon="-2.1850117386379733"><time>2026-08-24T20:59:00.000Z</time></trkpt><trkpt lat="42.02596495031232" lon="-2.18498839660478"><time>2026-08-24T20:59:01.000Z</time></trkpt><trkpt lat="42.02597270780684" lon="-2.1849650263806564"><time>2026-08-24T20:59:02.000Z</time></trkpt><trkpt lat="42.02598002046438" lon="-2.1849411250031303"><time>2026-08-24T20:59:03.000Z</time></trkpt><trkpt lat="42.02598719057594" lon="-2.1849169819175094"><time>2026-08-24T20:59:04.000Z</time></trkpt><trkpt lat="42.02599387131996" lon="-2.1848925331452462"><time>2026-08-24T20:59:05.000Z</time></trkpt><trkpt lat="42.02599998267335" lon="-2.1848679139749136"><time>2026-08-24T20:59:06.000Z</time></trkpt><trkpt lat="42.026006054370974" lon="-2.184843232593855"><time>2026-08-24T20:59:07.000Z</time></trkpt><trkpt lat="42.02601182005445" lon="-2.184818204934579"><time>2026-08-24T20:59:08.000Z</time></trkpt><trkpt lat="42.02601720930497" lon="-2.1847926666509125"><time>2026-08-24T20:59:09.000Z</time></trkpt><trkpt lat="42.0260217518257" lon="-2.1847666767988168"><time>2026-08-24T20:59:10.000Z</time></trkpt><trkpt lat="42.02602585221983" lon="-2.1847405930636032"><time>2026-08-24T20:59:11.000Z</time></trkpt><trkpt lat="42.026030223473335" lon="-2.184714636003094"><time>2026-08-24T20:59:12.000Z</time></trkpt><trkpt lat="42.02603463484262" lon="-2.1846889413931763"><time>2026-08-24T20:59:13.000Z</time></trkpt><trkpt lat="42.02603947576158" lon="-2.1846637762710617"><time>2026-08-24T20:59:14.000Z</time></trkpt><trkpt lat="42.026044851480044" lon="-2.184639519259921"><time>2026-08-24T20:59:15.000Z</time></trkpt><trkpt lat="42.02605024709207" lon="-2.1846162709360613"><time>2026-08-24T20:59:16.000Z</time></trkpt><trkpt lat="42.02605642721015" lon="-2.1845946164712746"><time>2026-08-24T20:59:17.000Z</time></trkpt><trkpt lat="42.02606360603704" lon="-2.1845745922894206"><time>2026-08-24T20:59:18.000Z</time></trkpt><trkpt lat="42.02607076438458" lon="-2.184555789942066"><time>2026-08-24T20:59:19.000Z</time></trkpt><trkpt lat="42.026077485145585" lon="-2.1845380067985727"><time>2026-08-24T20:59:20.000Z</time></trkpt><trkpt lat="42.026084142315604" lon="-2.18452124280026"><time>2026-08-24T20:59:21.000Z</time></trkpt><trkpt lat="42.026090408469656" lon="-2.1845052447145648"><time>2026-08-24T20:59:22.000Z</time></trkpt><trkpt lat="42.02609619894953" lon="-2.184489412139521"><time>2026-08-24T20:59:23.000Z</time></trkpt><trkpt lat="42.026100071110356" lon="-2.18447335416388"><time>2026-08-24T20:59:24.000Z</time></trkpt><trkpt lat="42.02610265625744" lon="-2.1844571223311626"><time>2026-08-24T20:59:25.000Z</time></trkpt><trkpt lat="42.02610437956964" lon="-2.1844410049883103"><time>2026-08-24T20:59:26.000Z</time></trkpt><trkpt lat="42.02610552676497" lon="-2.1844245859803264"><time>2026-08-24T20:59:27.000Z</time></trkpt><trkpt lat="42.02610677906601" lon="-2.184407977444278"><time>2026-08-24T20:59:28.000Z</time></trkpt><trkpt lat="42.02610889314337" lon="-2.1843917088975444"><time>2026-08-24T20:59:29.000Z</time></trkpt><trkpt lat="42.02611304923281" lon="-2.1843768421951726"><time>2026-08-24T20:59:30.000Z</time></trkpt><trkpt lat="42.02611996091623" lon="-2.1843669089908944"><time>2026-08-24T20:59:31.000Z</time></trkpt><trkpt lat="42.02612809956228" lon="-2.1843647195736144"><time>2026-08-24T20:59:32.000Z</time></trkpt><trkpt lat="42.026137167761405" lon="-2.1843651740965275"><time>2026-08-24T20:59:33.000Z</time></trkpt><trkpt lat="42.026145454891854" lon="-2.184372595673607"><time>2026-08-24T20:59:34.000Z</time></trkpt><trkpt lat="42.026151377490294" lon="-2.1843858202520288"><time>2026-08-24T20:59:35.000Z</time></trkpt><trkpt lat="42.026154097307206" lon="-2.184402828012329"><time>2026-08-24T20:59:36.000Z</time></trkpt><trkpt lat="42.026153680195634" lon="-2.1844221179558487"><time>2026-08-24T20:59:37.000Z</time></trkpt><trkpt lat="42.026150555896095" lon="-2.184442870808516"><time>2026-08-24T20:59:38.000Z</time></trkpt><trkpt lat="42.026145248853524" lon="-2.1844645920044368"><time>2026-08-24T20:59:39.000Z</time></trkpt><trkpt lat="42.02613825520361" lon="-2.1844872901867936"><time>2026-08-24T20:59:40.000Z</time></trkpt><trkpt lat="42.02612999574507" lon="-2.1845104763124428"><time>2026-08-24T20:59:41.000Z</time></trkpt><trkpt lat="42.02612129585209" lon="-2.184534192356964"><time>2026-08-24T20:59:42.000Z</time></trkpt><trkpt lat="42.026113041581" lon="-2.1845584487943426"><time>2026-08-24T20:59:43.000Z</time></trkpt><trkpt lat="42.026104561423196" lon="-2.1845829051735373"><time>2026-08-24T20:59:44.000Z</time></trkpt><trkpt lat="42.02609658704251" lon="-2.1846075180258806"><time>2026-08-24T20:59:45.000Z</time></trkpt><trkpt lat="42.02608886523616" lon="-2.184632065762453"><time>2026-08-24T20:59:46.000Z</time></trkpt><trkpt lat="42.026081259309265" lon="-2.1846563124797393"><time>2026-08-24T20:59:47.000Z</time></trkpt><trkpt lat="42.026073698093356" lon="-2.184680016056194"><time>2026-08-24T20:59:48.000Z</time></trkpt><trkpt lat="42.026066146540295" lon="-2.1847030240867378"><time>2026-08-24T20:59:49.000Z</time></trkpt><trkpt lat="42.026058588975886" lon="-2.184725516081461"><time>2026-08-24T20:59:50.000Z</time></trkpt><trkpt lat="42.02605150932713" lon="-2.184747785204339"><time>2026-08-24T20:59:51.000Z</time></trkpt><trkpt lat="42.02604455594095" lon="-2.1847699195940105"><time>2026-08-24T20:59:52.000Z</time></trkpt><trkpt lat="42.026038057399866" lon="-2.1847922176470176"><time>2026-08-24T20:59:53.000Z</time></trkpt><trkpt lat="42.02603160103584" lon="-2.1848148424483935"><time>2026-08-24T20:59:54.000Z</time></trkpt><trkpt lat="42.02602550109566" lon="-2.1848377886236716"><time>2026-08-24T20:59:55.000Z</time></trkpt><trkpt lat="42.026019351639555" lon="-2.184861012711613"><time>2026-08-24T20:59:56.000Z</time></trkpt><trkpt lat="42.02601299184329" lon="-2.184884308140442"><time>2026-08-24T20:59:57.000Z</time></trkpt><trkpt lat="42.02600638247091" lon="-2.1849076112811816"><time>2026-08-24T20:59:58.000Z</time></trkpt><trkpt lat="42.025999539396466" lon="-2.184931078543468"><time>2026-08-24T20:59:59.000Z</time></trkpt><trkpt lat="42.02599249915273" lon="-2.184954692075925"><time>2026-08-24T21:00:00.000Z</time></trkpt><trkpt lat="42.025985302091485" lon="-2.1849785481558603"><time>2026-08-24T21:00:01.000Z</time></trkpt><trkpt lat="42.025977984958246" lon="-2.1850026859035423"><time>2026-08-24T21:00:02.000Z</time></trkpt><trkpt lat="42.025971067907705" lon="-2.1850270546777093"><time>2026-08-24T21:00:03.000Z</time></trkpt><trkpt lat="42.02596422419629" lon="-2.185051573370038"><time>2026-08-24T21:00:04.000Z</time></trkpt><trkpt lat="42.02595779945775" lon="-2.18507646474162"><time>2026-08-24T21:00:05.000Z</time></trkpt><trkpt lat="42.02595139265044" lon="-2.185101711498756"><time>2026-08-24T21:00:06.000Z</time></trkpt><trkpt lat="42.02594483631059" lon="-2.1851273527081165"><time>2026-08-24T21:00:07.000Z</time></trkpt><trkpt lat="42.02593857027393" lon="-2.1851534456333055"><time>2026-08-24T21:00:08.000Z</time></trkpt><trkpt lat="42.025932248808886" lon="-2.1851796498737044"><time>2026-08-24T21:00:09.000Z</time></trkpt><trkpt lat="42.02592622625643" lon="-2.185205841554512"><time>2026-08-24T21:00:10.000Z</time></trkpt><trkpt lat="42.025920120570404" lon="-2.185231910070632"><time>2026-08-24T21:00:11.000Z</time></trkpt><trkpt lat="42.025914274692134" lon="-2.185257978682517"><time>2026-08-24T21:00:12.000Z</time></trkpt><trkpt lat="42.02590879651037" lon="-2.185284159341967"><time>2026-08-24T21:00:13.000Z</time></trkpt><trkpt lat="42.02590368326401" lon="-2.1853103919713406"><time>2026-08-24T21:00:14.000Z</time></trkpt><trkpt lat="42.02589888697703" lon="-2.18533655335641"><time>2026-08-24T21:00:15.000Z</time></trkpt><trkpt lat="42.02589483682066" lon="-2.1853626630988727"><time>2026-08-24T21:00:16.000Z</time></trkpt><trkpt lat="42.0258916137772" lon="-2.1853887358996125"><time>2026-08-24T21:00:17.000Z</time></trkpt><trkpt lat="42.025888655428545" lon="-2.185414660151702"><time>2026-08-24T21:00:18.000Z</time></trkpt><trkpt lat="42.02588569617899" lon="-2.1854404701590093"><time>2026-08-24T21:00:19.000Z</time></trkpt><trkpt lat="42.02588311637361" lon="-2.1854661335108285"><time>2026-08-24T21:00:20.000Z</time></trkpt><trkpt lat="42.0258805343395" lon="-2.185491839286342"><time>2026-08-24T21:00:21.000Z</time></trkpt><trkpt lat="42.02587828278769" lon="-2.185517537506991"><time>2026-08-24T21:00:22.000Z</time></trkpt><trkpt lat="42.02587596671216" lon="-2.1855430555562743"><time>2026-08-24T21:00:23.000Z</time></trkpt><trkpt lat="42.02587441093901" lon="-2.1855683760703477"><time>2026-08-24T21:00:24.000Z</time></trkpt><trkpt lat="42.02587287835425" lon="-2.185593517251545"><time>2026-08-24T21:00:25.000Z</time></trkpt><trkpt lat="42.02587155202418" lon="-2.1856182648079887"><time>2026-08-24T21:00:26.000Z</time></trkpt><trkpt lat="42.025870480869116" lon="-2.185642489206287"><time>2026-08-24T21:00:27.000Z</time></trkpt><trkpt lat="42.02586965228477" lon="-2.185666357250145"><time>2026-08-24T21:00:28.000Z</time></trkpt><trkpt lat="42.02586951955729" lon="-2.185690075174434"><time>2026-08-24T21:00:29.000Z</time></trkpt><trkpt lat="42.02586969044225" lon="-2.185713961385817"><time>2026-08-24T21:00:30.000Z</time></trkpt><trkpt lat="42.02586996443211" lon="-2.185738094814718"><time>2026-08-24T21:00:31.000Z</time></trkpt><trkpt lat="42.02587073532844" lon="-2.185762568039315"><time>2026-08-24T21:00:32.000Z</time></trkpt><trkpt lat="42.025871611924046" lon="-2.1857872837721346"><time>2026-08-24T21:00:33.000Z</time></trkpt><trkpt lat="42.02587290915104" lon="-2.1858122932240422"><time>2026-08-24T21:00:34.000Z</time></trkpt><trkpt lat="42.02587519233219" lon="-2.185837487984989"><time>2026-08-24T21:00:35.000Z</time></trkpt><trkpt lat="42.025877588519286" lon="-2.1858628302246306"><time>2026-08-24T21:00:36.000Z</time></trkpt><trkpt lat="42.0258792340884" lon="-2.1858884384378205"><time>2026-08-24T21:00:37.000Z</time></trkpt><trkpt lat="42.0258803593217" lon="-2.1859142048847344"><time>2026-08-24T21:00:38.000Z</time></trkpt><trkpt lat="42.02588063623074" lon="-2.1859400342847968"><time>2026-08-24T21:00:39.000Z</time></trkpt><trkpt lat="42.02587954900947" lon="-2.185965848717685"><time>2026-08-24T21:00:40.000Z</time></trkpt><trkpt lat="42.025877060315814" lon="-2.18599149561157"><time>2026-08-24T21:00:41.000Z</time></trkpt><trkpt lat="42.02587333464792" lon="-2.1860166582296903"><time>2026-08-24T21:00:42.000Z</time></trkpt><trkpt lat="42.02586859851538" lon="-2.186041513090655"><time>2026-08-24T21:00:43.000Z</time></trkpt><trkpt lat="42.025863564504625" lon="-2.1860663253941977"><time>2026-08-24T21:00:44.000Z</time></trkpt><trkpt lat="42.02585905392535" lon="-2.1860915158272296"><time>2026-08-24T21:00:45.000Z</time></trkpt><trkpt lat="42.025855337838635" lon="-2.186116841902338"><time>2026-08-24T21:00:46.000Z</time></trkpt><trkpt lat="42.02585193629393" lon="-2.18614206394301"><time>2026-08-24T21:00:47.000Z</time></trkpt><trkpt lat="42.02584861126061" lon="-2.1861670353938"><time>2026-08-24T21:00:48.000Z</time></trkpt><trkpt lat="42.02584476527899" lon="-2.1861917586617845"><time>2026-08-24T21:00:49.000Z</time></trkpt><trkpt lat="42.02583972954754" lon="-2.1862161441895096"><time>2026-08-24T21:00:50.000Z</time></trkpt><trkpt lat="42.025833381334095" lon="-2.1862403514459996"><time>2026-08-24T21:00:51.000Z</time></trkpt><trkpt lat="42.02582681776976" lon="-2.186264009976804"><time>2026-08-24T21:00:52.000Z</time></trkpt><trkpt lat="42.02582002871905" lon="-2.1862872824498467"><time>2026-08-24T21:00:53.000Z</time></trkpt><trkpt lat="42.025813038948684" lon="-2.186310560813106"><time>2026-08-24T21:00:54.000Z</time></trkpt><trkpt lat="42.02580588442047" lon="-2.186333852724511"><time>2026-08-24T21:00:55.000Z</time></trkpt><trkpt lat="42.02579860109111" lon="-2.18635700659565"><time>2026-08-24T21:00:56.000Z</time></trkpt><trkpt lat="42.0257912203002" lon="-2.1863801001172734"><time>2026-08-24T21:00:57.000Z</time></trkpt><trkpt lat="42.0257842570741" lon="-2.1864031730307922"><time>2026-08-24T21:00:58.000Z</time></trkpt><trkpt lat="42.0257773803134" lon="-2.1864263055493915"><time>2026-08-24T21:00:59.000Z</time></trkpt><trkpt lat="42.025770442562624" lon="-2.1864495842586407"><time>2026-08-24T21:01:00.000Z</time></trkpt><trkpt lat="42.02576388053329" lon="-2.1864728424500344"><time>2026-08-24T21:01:01.000Z</time></trkpt><trkpt lat="42.02575733624386" lon="-2.186496197704868"><time>2026-08-24T21:01:02.000Z</time></trkpt><trkpt lat="42.02575114959935" lon="-2.1865197471904225"><time>2026-08-24T21:01:03.000Z</time></trkpt><trkpt lat="42.02574541468077" lon="-2.186543658997524"><time>2026-08-24T21:01:04.000Z</time></trkpt><trkpt lat="42.0257401122555" lon="-2.186567986448821"><time>2026-08-24T21:01:05.000Z</time></trkpt><trkpt lat="42.02573517889303" lon="-2.186592514553073"><time>2026-08-24T21:01:06.000Z</time></trkpt><trkpt lat="42.025730541101915" lon="-2.1866173126201973"><time>2026-08-24T21:01:07.000Z</time></trkpt><trkpt lat="42.025726130679786" lon="-2.186642374545003"><time>2026-08-24T21:01:08.000Z</time></trkpt><trkpt lat="42.025721890356174" lon="-2.1866678475514174"><time>2026-08-24T21:01:09.000Z</time></trkpt><trkpt lat="42.0257177747133" lon="-2.186693494704151"><time>2026-08-24T21:01:10.000Z</time></trkpt><trkpt lat="42.02571374904403" lon="-2.18671907367128"><time>2026-08-24T21:01:11.000Z</time></trkpt><trkpt lat="42.02570978750682" lon="-2.1867445546052826"><time>2026-08-24T21:01:12.000Z</time></trkpt><trkpt lat="42.02570587122802" lon="-2.1867701214003405"><time>2026-08-24T21:01:13.000Z</time></trkpt><trkpt lat="42.02570149701536" lon="-2.1867955939647636"><time>2026-08-24T21:01:14.000Z</time></trkpt><trkpt lat="42.0256965164126" lon="-2.1868208184231572"><time>2026-08-24T21:01:15.000Z</time></trkpt><trkpt lat="42.02569094610976" lon="-2.1868459774531805"><time>2026-08-24T21:01:16.000Z</time></trkpt><trkpt lat="42.02568486866746" lon="-2.186870940480573"><time>2026-08-24T21:01:17.000Z</time></trkpt><trkpt lat="42.025677893566886" lon="-2.186895525883821"><time>2026-08-24T21:01:18.000Z</time></trkpt><trkpt lat="42.025669975192436" lon="-2.1869197991346088"><time>2026-08-24T21:01:19.000Z</time></trkpt><trkpt lat="42.02566121582587" lon="-2.1869433376500345"><time>2026-08-24T21:01:20.000Z</time></trkpt><trkpt lat="42.025651275919664" lon="-2.1869659086952207"><time>2026-08-24T21:01:21.000Z</time></trkpt><trkpt lat="42.025640167157306" lon="-2.1869876323975155"><time>2026-08-24T21:01:22.000Z</time></trkpt><trkpt lat="42.025628044371366" lon="-2.187008391578571"><time>2026-08-24T21:01:23.000Z</time></trkpt><trkpt lat="42.025615101475445" lon="-2.187027986369303"><time>2026-08-24T21:01:24.000Z</time></trkpt><trkpt lat="42.0256015235895" lon="-2.1870465451060213"><time>2026-08-24T21:01:25.000Z</time></trkpt><trkpt lat="42.0255869788415" lon="-2.1870637028059146"><time>2026-08-24T21:01:26.000Z</time></trkpt><trkpt lat="42.02557194426139" lon="-2.187079641981165"><time>2026-08-24T21:01:27.000Z</time></trkpt><trkpt lat="42.02555667917518" lon="-2.1870948389974774"><time>2026-08-24T21:01:28.000Z</time></trkpt><trkpt lat="42.02554131996712" lon="-2.1871095240917833"><time>2026-08-24T21:01:29.000Z</time></trkpt><trkpt lat="42.02552593488516" lon="-2.187123459979116"><time>2026-08-24T21:01:30.000Z</time></trkpt><trkpt lat="42.025510065746346" lon="-2.1871363390905563"><time>2026-08-24T21:01:31.000Z</time></trkpt><trkpt lat="42.02549358598363" lon="-2.18714813979389"><time>2026-08-24T21:01:32.000Z</time></trkpt><trkpt lat="42.02547701145575" lon="-2.1871591751962796"><time>2026-08-24T21:01:33.000Z</time></trkpt><trkpt lat="42.025459587552255" lon="-2.1871697336722407"><time>2026-08-24T21:01:34.000Z</time></trkpt><trkpt lat="42.02544160212611" lon="-2.1871799645961367"><time>2026-08-24T21:01:35.000Z</time></trkpt><trkpt lat="42.025423245795324" lon="-2.1871906753413883"><time>2026-08-24T21:01:36.000Z</time></trkpt><trkpt lat="42.025404644667816" lon="-2.1872023816322583"><time>2026-08-24T21:01:37.000Z</time></trkpt><trkpt lat="42.02538588209831" lon="-2.1872147396751314"><time>2026-08-24T21:01:38.000Z</time></trkpt><trkpt lat="42.025367502746526" lon="-2.1872271876256493"><time>2026-08-24T21:01:39.000Z</time></trkpt><trkpt lat="42.02534919212546" lon="-2.1872399109673504"><time>2026-08-24T21:01:40.000Z</time></trkpt><trkpt lat="42.02533130150802" lon="-2.1872528895411727"><time>2026-08-24T21:01:41.000Z</time></trkpt><trkpt lat="42.02531343204264" lon="-2.1872654090716845"><time>2026-08-24T21:01:42.000Z</time></trkpt><trkpt lat="42.02529541675412" lon="-2.1872774485186044"><time>2026-08-24T21:01:43.000Z</time></trkpt><trkpt lat="42.02527720559268" lon="-2.187289152636835"><time>2026-08-24T21:01:44.000Z</time></trkpt><trkpt lat="42.025258803086146" lon="-2.187300501677548"><time>2026-08-24T21:01:45.000Z</time></trkpt><trkpt lat="42.02524023565808" lon="-2.187311471879852"><time>2026-08-24T21:01:46.000Z</time></trkpt><trkpt lat="42.025222024968635" lon="-2.1873223774875283"><time>2026-08-24T21:01:47.000Z</time></trkpt><trkpt lat="42.02520385045737" lon="-2.187333417408596"><time>2026-08-24T21:01:48.000Z</time></trkpt><trkpt lat="42.02518557546341" lon="-2.187344503317771"><time>2026-08-24T21:01:49.000Z</time></trkpt><trkpt lat="42.02516715660203" lon="-2.187355592937252"><time>2026-08-24T21:01:50.000Z</time></trkpt><trkpt lat="42.02514859447113" lon="-2.1873663929734453"><time>2026-08-24T21:01:51.000Z</time></trkpt><trkpt lat="42.025130397316" lon="-2.1873767586045174"><time>2026-08-24T21:01:52.000Z</time></trkpt><trkpt lat="42.025111748383644" lon="-2.1873867777452394"><time>2026-08-24T21:01:53.000Z</time></trkpt><trkpt lat="42.025092858903506" lon="-2.187396316868711"><time>2026-08-24T21:01:54.000Z</time></trkpt><trkpt lat="42.02507384674086" lon="-2.1874053213922626"><time>2026-08-24T21:01:55.000Z</time></trkpt><trkpt lat="42.02505477618266" lon="-2.187414204659985"><time>2026-08-24T21:01:56.000Z</time></trkpt><trkpt lat="42.025035191588785" lon="-2.18742315246376"><time>2026-08-24T21:01:57.000Z</time></trkpt><trkpt lat="42.025015460897755" lon="-2.1874316210225033"><time>2026-08-24T21:01:58.000Z</time></trkpt><trkpt lat="42.024995264779655" lon="-2.1874394172987404"><time>2026-08-24T21:01:59.000Z</time></trkpt><trkpt lat="42.024975021071256" lon="-2.1874468846869446"><time>2026-08-24T21:02:00.000Z</time></trkpt><trkpt lat="42.02495490795982" lon="-2.1874543292233475"><time>2026-08-24T21:02:01.000Z</time></trkpt><trkpt lat="42.02493498206687" lon="-2.187461849276205"><time>2026-08-24T21:02:02.000Z</time></trkpt><trkpt lat="42.024914753071215" lon="-2.187469383862431"><time>2026-08-24T21:02:03.000Z</time></trkpt><trkpt lat="42.02489405794502" lon="-2.187477089605804"><time>2026-08-24T21:02:04.000Z</time></trkpt><trkpt lat="42.024872889375125" lon="-2.187485009041458"><time>2026-08-24T21:02:05.000Z</time></trkpt><trkpt lat="42.02485130511551" lon="-2.187493162860362"><time>2026-08-24T21:02:06.000Z</time></trkpt><trkpt lat="42.02482938230434" lon="-2.1875013458970303"><time>2026-08-24T21:02:07.000Z</time></trkpt><trkpt lat="42.02480719616226" lon="-2.1875095311087454"><time>2026-08-24T21:02:08.000Z</time></trkpt><trkpt lat="42.024784321855144" lon="-2.1875173398712864"><time>2026-08-24T21:02:09.000Z</time></trkpt><trkpt lat="42.02476165196831" lon="-2.187524358564618"><time>2026-08-24T21:02:10.000Z</time></trkpt><trkpt lat="42.02473903825051" lon="-2.187531099663013"><time>2026-08-24T21:02:11.000Z</time></trkpt><trkpt lat="42.02471641243772" lon="-2.1875378404500205"><time>2026-08-24T21:02:12.000Z</time></trkpt><trkpt lat="42.02469423757953" lon="-2.187544297351591"><time>2026-08-24T21:02:13.000Z</time></trkpt><trkpt lat="42.02467215688526" lon="-2.1875504512200674"><time>2026-08-24T21:02:14.000Z</time></trkpt><trkpt lat="42.02465001133079" lon="-2.1875559352550176"><time>2026-08-24T21:02:15.000Z</time></trkpt><trkpt lat="42.024627743749406" lon="-2.187561204579193"><time>2026-08-24T21:02:16.000Z</time></trkpt><trkpt lat="42.02460534625991" lon="-2.1875669943964056"><time>2026-08-24T21:02:17.000Z</time></trkpt><trkpt lat="42.02458283229008" lon="-2.187573418280954"><time>2026-08-24T21:02:18.000Z</time></trkpt><trkpt lat="42.02456071193061" lon="-2.1875808394335667"><time>2026-08-24T21:02:19.000Z</time></trkpt><trkpt lat="42.024539144734575" lon="-2.18758937123656"><time>2026-08-24T21:02:20.000Z</time></trkpt><trkpt lat="42.02451763580293" lon="-2.1875992238408957"><time>2026-08-24T21:02:21.000Z</time></trkpt><trkpt lat="42.02449646345222" lon="-2.187610344871558"><time>2026-08-24T21:02:22.000Z</time></trkpt><trkpt lat="42.024475209492216" lon="-2.1876227641628154"><time>2026-08-24T21:02:23.000Z</time></trkpt><trkpt lat="42.02445420178328" lon="-2.1876361743683153"><time>2026-08-24T21:02:24.000Z</time></trkpt><trkpt lat="42.024434033353906" lon="-2.187651117347493"><time>2026-08-24T21:02:25.000Z</time></trkpt><trkpt lat="42.024414840712744" lon="-2.1876674359229695"><time>2026-08-24T21:02:26.000Z</time></trkpt><trkpt lat="42.02439655483767" lon="-2.1876850724121395"><time>2026-08-24T21:02:27.000Z</time></trkpt><trkpt lat="42.0243785413104" lon="-2.1877035891018455"><time>2026-08-24T21:02:28.000Z</time></trkpt><trkpt lat="42.02436099351151" lon="-2.187722906959452"><time>2026-08-24T21:02:29.000Z</time></trkpt><trkpt lat="42.02434393130604" lon="-2.1877431354133066"><time>2026-08-24T21:02:30.000Z</time></trkpt><trkpt lat="42.024327300549906" lon="-2.187764325058657"><time>2026-08-24T21:02:31.000Z</time></trkpt><trkpt lat="42.02431102356889" lon="-2.187785883754221"><time>2026-08-24T21:02:32.000Z</time></trkpt><trkpt lat="42.02429453335704" lon="-2.1878073672661174"><time>2026-08-24T21:02:33.000Z</time></trkpt><trkpt lat="42.02427811338088" lon="-2.187828694095721"><time>2026-08-24T21:02:34.000Z</time></trkpt><trkpt lat="42.02426187136672" lon="-2.1878499119904435"><time>2026-08-24T21:02:35.000Z</time></trkpt><trkpt lat="42.02424533922808" lon="-2.1878705955859323"><time>2026-08-24T21:02:36.000Z</time></trkpt><trkpt lat="42.02422787181776" lon="-2.1878904240748143"><time>2026-08-24T21:02:37.000Z</time></trkpt><trkpt lat="42.02421030270457" lon="-2.1879095892942"><time>2026-08-24T21:02:38.000Z</time></trkpt><trkpt lat="42.024192009012104" lon="-2.1879278269693523"><time>2026-08-24T21:02:39.000Z</time></trkpt><trkpt lat="42.024173316828374" lon="-2.1879454839193206"><time>2026-08-24T21:02:40.000Z</time></trkpt><trkpt lat="42.024153921982425" lon="-2.1879628387122807"><time>2026-08-24T21:02:41.000Z</time></trkpt><trkpt lat="42.02413427900276" lon="-2.1879800754539547"><time>2026-08-24T21:02:42.000Z</time></trkpt><trkpt lat="42.024114606926965" lon="-2.187997376918913"><time>2026-08-24T21:02:43.000Z</time></trkpt><trkpt lat="42.024094510085845" lon="-2.188014351062729"><time>2026-08-24T21:02:44.000Z</time></trkpt><trkpt lat="42.02407436965824" lon="-2.1880309396409334"><time>2026-08-24T21:02:45.000Z</time></trkpt><trkpt lat="42.02405434822056" lon="-2.1880473823579205"><time>2026-08-24T21:02:46.000Z</time></trkpt><trkpt lat="42.0240340078444" lon="-2.188063429445055"><time>2026-08-24T21:02:47.000Z</time></trkpt><trkpt lat="42.024013209111516" lon="-2.1880787534118045"><time>2026-08-24T21:02:48.000Z</time></trkpt><trkpt lat="42.023992443044826" lon="-2.188093924211326"><time>2026-08-24T21:02:49.000Z</time></trkpt><trkpt lat="42.023971418060675" lon="-2.188109196228118"><time>2026-08-24T21:02:50.000Z</time></trkpt><trkpt lat="42.023950047306855" lon="-2.1881248754397626"><time>2026-08-24T21:02:51.000Z</time></trkpt><trkpt lat="42.02392882900436" lon="-2.188140698987888"><time>2026-08-24T21:02:52.000Z</time></trkpt><trkpt lat="42.023907459159695" lon="-2.188156234086646"><time>2026-08-24T21:02:53.000Z</time></trkpt><trkpt lat="42.0238858320284" lon="-2.1881720127370317"><time>2026-08-24T21:02:54.000Z</time></trkpt><trkpt lat="42.02386393708374" lon="-2.188187794366022"><time>2026-08-24T21:02:55.000Z</time></trkpt><trkpt lat="42.0238418043639" lon="-2.1882036325186425"><time>2026-08-24T21:02:56.000Z</time></trkpt><trkpt lat="42.02381947675767" lon="-2.188219664394453"><time>2026-08-24T21:02:57.000Z</time></trkpt><trkpt lat="42.023796507330864" lon="-2.1882350954148095"><time>2026-08-24T21:02:58.000Z</time></trkpt><trkpt lat="42.02377328400838" lon="-2.188250256877227"><time>2026-08-24T21:02:59.000Z</time></trkpt><trkpt lat="42.02374999913775" lon="-2.1882651974157694"><time>2026-08-24T21:03:00.000Z</time></trkpt><trkpt lat="42.02372722944435" lon="-2.188280302022111"><time>2026-08-24T21:03:01.000Z</time></trkpt><trkpt lat="42.02370514632069" lon="-2.1882957387914717"><time>2026-08-24T21:03:02.000Z</time></trkpt><trkpt lat="42.02368324262112" lon="-2.188311932127076"><time>2026-08-24T21:03:03.000Z</time></trkpt><trkpt lat="42.02366128645734" lon="-2.1883291433121745"><time>2026-08-24T21:03:04.000Z</time></trkpt><trkpt lat="42.02363967867434" lon="-2.188346982104517"><time>2026-08-24T21:03:05.000Z</time></trkpt><trkpt lat="42.02361805002868" lon="-2.1883650848342366"><time>2026-08-24T21:03:06.000Z</time></trkpt><trkpt lat="42.023596251131295" lon="-2.1883825334380638"><time>2026-08-24T21:03:07.000Z</time></trkpt><trkpt lat="42.02357473192096" lon="-2.1883988807796793"><time>2026-08-24T21:03:08.000Z</time></trkpt><trkpt lat="42.02355315218943" lon="-2.1884145430687285"><time>2026-08-24T21:03:09.000Z</time></trkpt><trkpt lat="42.02353186920603" lon="-2.18842950423371"><time>2026-08-24T21:03:10.000Z</time></trkpt><trkpt lat="42.02351099201901" lon="-2.1884435722380826"><time>2026-08-24T21:03:11.000Z</time></trkpt><trkpt lat="42.02349002384411" lon="-2.188457180439235"><time>2026-08-24T21:03:12.000Z</time></trkpt><trkpt lat="42.02346926137778" lon="-2.188470566323238"><time>2026-08-24T21:03:13.000Z</time></trkpt><trkpt lat="42.023448310796496" lon="-2.1884841010341547"><time>2026-08-24T21:03:14.000Z</time></trkpt><trkpt lat="42.02342703405488" lon="-2.1884977653164586"><time>2026-08-24T21:03:15.000Z</time></trkpt><trkpt lat="42.02340590577405" lon="-2.1885117794151"><time>2026-08-24T21:03:16.000Z</time></trkpt><trkpt lat="42.02338461275346" lon="-2.1885255771226233"><time>2026-08-24T21:03:17.000Z</time></trkpt><trkpt lat="42.02336304715079" lon="-2.188538953029389"><time>2026-08-24T21:03:18.000Z</time></trkpt><trkpt lat="42.02334070992785" lon="-2.1885511116617544"><time>2026-08-24T21:03:19.000Z</time></trkpt><trkpt lat="42.02331798421099" lon="-2.1885612084378723"><time>2026-08-24T21:03:20.000Z</time></trkpt><trkpt lat="42.02329507764701" lon="-2.1885701699888025"><time>2026-08-24T21:03:21.000Z</time></trkpt><trkpt lat="42.02327209896326" lon="-2.1885785542372145"><time>2026-08-24T21:03:22.000Z</time></trkpt><trkpt lat="42.02324910219374" lon="-2.1885870628588004"><time>2026-08-24T21:03:23.000Z</time></trkpt><trkpt lat="42.02322611191273" lon="-2.188595203847309"><time>2026-08-24T21:03:24.000Z</time></trkpt><trkpt lat="42.02320264779733" lon="-2.18860251575667"><time>2026-08-24T21:03:25.000Z</time></trkpt><trkpt lat="42.02317906246112" lon="-2.188608884358395"><time>2026-08-24T21:03:26.000Z</time></trkpt><trkpt lat="42.02315502706999" lon="-2.1886147814901165"><time>2026-08-24T21:03:27.000Z</time></trkpt><trkpt lat="42.023130953573585" lon="-2.1886199417714858"><time>2026-08-24T21:03:28.000Z</time></trkpt><trkpt lat="42.023107016517265" lon="-2.188624595288962"><time>2026-08-24T21:03:29.000Z</time></trkpt><trkpt lat="42.02308327027275" lon="-2.1886292690501645"><time>2026-08-24T21:03:30.000Z</time></trkpt><trkpt lat="42.02305971274172" lon="-2.1886342998988075"><time>2026-08-24T21:03:31.000Z</time></trkpt><trkpt lat="42.02303631883892" lon="-2.1886391687134603"><time>2026-08-24T21:03:32.000Z</time></trkpt><trkpt lat="42.02301305723198" lon="-2.1886441109087147"><time>2026-08-24T21:03:33.000Z</time></trkpt><trkpt lat="42.02298989803721" lon="-2.1886496730278164"><time>2026-08-24T21:03:34.000Z</time></trkpt><trkpt lat="42.02296632619244" lon="-2.1886549295659834"><time>2026-08-24T21:03:35.000Z</time></trkpt><trkpt lat="42.022942672151515" lon="-2.1886592631843604"><time>2026-08-24T21:03:36.000Z</time></trkpt><trkpt lat="42.02291859294549" lon="-2.188662782902888"><time>2026-08-24T21:03:37.000Z</time></trkpt><trkpt lat="42.02289449150821" lon="-2.188666188894373"><time>2026-08-24T21:03:38.000Z</time></trkpt><trkpt lat="42.02287004702403" lon="-2.188669661707365"><time>2026-08-24T21:03:39.000Z</time></trkpt><trkpt lat="42.02284517139989" lon="-2.1886731141180196"><time>2026-08-24T21:03:40.000Z</time></trkpt><trkpt lat="42.02281988369231" lon="-2.188676482222595"><time>2026-08-24T21:03:41.000Z</time></trkpt><trkpt lat="42.02279424463968" lon="-2.1886797199232926"><time>2026-08-24T21:03:42.000Z</time></trkpt><trkpt lat="42.022768813961314" lon="-2.1886820905567137"><time>2026-08-24T21:03:43.000Z</time></trkpt><trkpt lat="42.02274330581316" lon="-2.188683769235042"><time>2026-08-24T21:03:44.000Z</time></trkpt><trkpt lat="42.02271761241822" lon="-2.1886851004906847"><time>2026-08-24T21:03:45.000Z</time></trkpt><trkpt lat="42.022691713166495" lon="-2.1886863932074068"><time>2026-08-24T21:03:46.000Z</time></trkpt><trkpt lat="42.0226656259915" lon="-2.1886877489395915"><time>2026-08-24T21:03:47.000Z</time></trkpt><trkpt lat="42.022639382398516" lon="-2.1886893238254355"><time>2026-08-24T21:03:48.000Z</time></trkpt><trkpt lat="42.02261301543848" lon="-2.1886909092345057"><time>2026-08-24T21:03:49.000Z</time></trkpt><trkpt lat="42.02258655455686" lon="-2.188692295492537"><time>2026-08-24T21:03:50.000Z</time></trkpt><trkpt lat="42.02256051354557" lon="-2.1886929934001187"><time>2026-08-24T21:03:51.000Z</time></trkpt><trkpt lat="42.02253456050094" lon="-2.1886934406493035"><time>2026-08-24T21:03:52.000Z</time></trkpt><trkpt lat="42.02250854744356" lon="-2.18869375786591"><time>2026-08-24T21:03:53.000Z</time></trkpt><trkpt lat="42.02248242113313" lon="-2.1886939196151656"><time>2026-08-24T21:03:54.000Z</time></trkpt><trkpt lat="42.022456174179375" lon="-2.1886935375675547"><time>2026-08-24T21:03:55.000Z</time></trkpt><trkpt lat="42.022430308633744" lon="-2.1886927357961827"><time>2026-08-24T21:03:56.000Z</time></trkpt><trkpt lat="42.02240449269399" lon="-2.188691619269402"><time>2026-08-24T21:03:57.000Z</time></trkpt><trkpt lat="42.02237858334603" lon="-2.18869027161506"><time>2026-08-24T21:03:58.000Z</time></trkpt><trkpt lat="42.022353023291345" lon="-2.188688481532793"><time>2026-08-24T21:03:59.000Z</time></trkpt><trkpt lat="42.02232746040726" lon="-2.1886859739817095"><time>2026-08-24T21:04:00.000Z</time></trkpt><trkpt lat="42.02230175004107" lon="-2.1886830643841355"><time>2026-08-24T21:04:01.000Z</time></trkpt><trkpt lat="42.0222763411597" lon="-2.188680026045553"><time>2026-08-24T21:04:02.000Z</time></trkpt><trkpt lat="42.02225089035696" lon="-2.18867750825727"><time>2026-08-24T21:04:03.000Z</time></trkpt><trkpt lat="42.022225261587266" lon="-2.1886751301946448"><time>2026-08-24T21:04:04.000Z</time></trkpt><trkpt lat="42.022199421664304" lon="-2.188672808889806"><time>2026-08-24T21:04:05.000Z</time></trkpt><trkpt lat="42.02217387363267" lon="-2.1886704722883783"><time>2026-08-24T21:04:06.000Z</time></trkpt><trkpt lat="42.022148297588465" lon="-2.188668276283242"><time>2026-08-24T21:04:07.000Z</time></trkpt><trkpt lat="42.02212305499059" lon="-2.188666511836273"><time>2026-08-24T21:04:08.000Z</time></trkpt><trkpt lat="42.02209776229192" lon="-2.1886651821841094"><time>2026-08-24T21:04:09.000Z</time></trkpt><trkpt lat="42.02207275757594" lon="-2.1886640798511334"><time>2026-08-24T21:04:10.000Z</time></trkpt><trkpt lat="42.02204814311457" lon="-2.1886630902158934"><time>2026-08-24T21:04:11.000Z</time></trkpt><trkpt lat="42.022023910938195" lon="-2.1886622740115236"><time>2026-08-24T21:04:12.000Z</time></trkpt><trkpt lat="42.022000008698974" lon="-2.188661817594347"><time>2026-08-24T21:04:13.000Z</time></trkpt><trkpt lat="42.02197637249137" lon="-2.188661782134634"><time>2026-08-24T21:04:14.000Z</time></trkpt><trkpt lat="42.0219524522416" lon="-2.1886621693957524"><time>2026-08-24T21:04:15.000Z</time></trkpt><trkpt lat="42.02192854747792" lon="-2.188662803445682"><time>2026-08-24T21:04:16.000Z</time></trkpt><trkpt lat="42.02190477956844" lon="-2.188663274148143"><time>2026-08-24T21:04:17.000Z</time></trkpt><trkpt lat="42.02188118093157" lon="-2.188663311158084"><time>2026-08-24T21:04:18.000Z</time></trkpt><trkpt lat="42.02185774319241" lon="-2.1886630424061586"><time>2026-08-24T21:04:19.000Z</time></trkpt><trkpt lat="42.02183444225092" lon="-2.1886624986212206"><time>2026-08-24T21:04:20.000Z</time></trkpt><trkpt lat="42.02181125062412" lon="-2.1886618807618268"><time>2026-08-24T21:04:21.000Z</time></trkpt><trkpt lat="42.02178863257385" lon="-2.1886613728987467"><time>2026-08-24T21:04:22.000Z</time></trkpt><trkpt lat="42.021766216070326" lon="-2.1886611591232565"><time>2026-08-24T21:04:23.000Z</time></trkpt><trkpt lat="42.02174382203104" lon="-2.1886612469039215"><time>2026-08-24T21:04:24.000Z</time></trkpt><trkpt lat="42.02172137382061" lon="-2.188662029021562"><time>2026-08-24T21:04:25.000Z</time></trkpt><trkpt lat="42.0216988468308" lon="-2.1886639147266185"><time>2026-08-24T21:04:26.000Z</time></trkpt><trkpt lat="42.02167673064896" lon="-2.1886664413076766"><time>2026-08-24T21:04:27.000Z</time></trkpt><trkpt lat="42.02165468456629" lon="-2.1886694583519364"><time>2026-08-24T21:04:28.000Z</time></trkpt><trkpt lat="42.021632559270415" lon="-2.18867250435688"><time>2026-08-24T21:04:29.000Z</time></trkpt><trkpt lat="42.02161030343641" lon="-2.1886757833519503"><time>2026-08-24T21:04:30.000Z</time></trkpt><trkpt lat="42.02158791268135" lon="-2.188679012852044"><time>2026-08-24T21:04:31.000Z</time></trkpt><trkpt lat="42.02156540251709" lon="-2.188682266476963"><time>2026-08-24T21:04:32.000Z</time></trkpt><trkpt lat="42.02154328426855" lon="-2.1886856326507402"><time>2026-08-24T21:04:33.000Z</time></trkpt><trkpt lat="42.02152122860398" lon="-2.1886891945451916"><time>2026-08-24T21:04:34.000Z</time></trkpt><trkpt lat="42.02149958147164" lon="-2.188693175497439"><time>2026-08-24T21:04:35.000Z</time></trkpt><trkpt lat="42.02147794329944" lon="-2.18869767490105"><time>2026-08-24T21:04:36.000Z</time></trkpt><trkpt lat="42.02145663799087" lon="-2.1887023305398623"><time>2026-08-24T21:04:37.000Z</time></trkpt><trkpt lat="42.021435756217656" lon="-2.1887070955912846"><time>2026-08-24T21:04:38.000Z</time></trkpt><trkpt lat="42.02141528096131" lon="-2.188712059131924"><time>2026-08-24T21:04:39.000Z</time></trkpt><trkpt lat="42.021394663426605" lon="-2.188717660779999"><time>2026-08-24T21:04:40.000Z</time></trkpt><trkpt lat="42.02137467508382" lon="-2.1887242750908023"><time>2026-08-24T21:04:41.000Z</time></trkpt><trkpt lat="42.021354573673065" lon="-2.1887321711502743"><time>2026-08-24T21:04:42.000Z</time></trkpt><trkpt lat="42.0213345576297" lon="-2.1887413258671415"><time>2026-08-24T21:04:43.000Z</time></trkpt><trkpt lat="42.02131469771924" lon="-2.1887516293862035"><time>2026-08-24T21:04:44.000Z</time></trkpt><trkpt lat="42.02129549265648" lon="-2.1887631338237123"><time>2026-08-24T21:04:45.000Z</time></trkpt><trkpt lat="42.02127657416948" lon="-2.188775706506814"><time>2026-08-24T21:04:46.000Z</time></trkpt><trkpt lat="42.02125775381" lon="-2.188789492295999"><time>2026-08-24T21:04:47.000Z</time></trkpt><trkpt lat="42.02123943098488" lon="-2.1888044869513092"><time>2026-08-24T21:04:48.000Z</time></trkpt><trkpt lat="42.021221706325385" lon="-2.1888205335704525"><time>2026-08-24T21:04:49.000Z</time></trkpt><trkpt lat="42.02120405489057" lon="-2.1888374019172026"><time>2026-08-24T21:04:50.000Z</time></trkpt><trkpt lat="42.02118674070457" lon="-2.18885489170511"><time>2026-08-24T21:04:51.000Z</time></trkpt><trkpt lat="42.02116982921597" lon="-2.1888732690977957"><time>2026-08-24T21:04:52.000Z</time></trkpt><trkpt lat="42.02115378530369" lon="-2.188892315582939"><time>2026-08-24T21:04:53.000Z</time></trkpt><trkpt lat="42.02113819945764" lon="-2.1889116410882297"><time>2026-08-24T21:04:54.000Z</time></trkpt><trkpt lat="42.02112235462519" lon="-2.1889307737510966"><time>2026-08-24T21:04:55.000Z</time></trkpt><trkpt lat="42.02110598874068" lon="-2.1889494827925025"><time>2026-08-24T21:04:56.000Z</time></trkpt><trkpt lat="42.02108955036356" lon="-2.1889679723464273"><time>2026-08-24T21:04:57.000Z</time></trkpt><trkpt lat="42.021072743919305" lon="-2.1889862016496187"><time>2026-08-24T21:04:58.000Z</time></trkpt><trkpt lat="42.021055494921306" lon="-2.1890042791191884"><time>2026-08-24T21:04:59.000Z</time></trkpt><trkpt lat="42.0210378294946" lon="-2.18902190168457"><time>2026-08-24T21:05:00.000Z</time></trkpt><trkpt lat="42.02101981184635" lon="-2.1890392477227714"><time>2026-08-24T21:05:01.000Z</time></trkpt><trkpt lat="42.0210015136263" lon="-2.1890561201806"><time>2026-08-24T21:05:02.000Z</time></trkpt><trkpt lat="42.020983000353176" lon="-2.189072253882995"><time>2026-08-24T21:05:03.000Z</time></trkpt><trkpt lat="42.020964326611505" lon="-2.189087481436846"><time>2026-08-24T21:05:04.000Z</time></trkpt><trkpt lat="42.02094553547691" lon="-2.18910191140821"><time>2026-08-24T21:05:05.000Z</time></trkpt><trkpt lat="42.02092617014597" lon="-2.189115476672068"><time>2026-08-24T21:05:06.000Z</time></trkpt><trkpt lat="42.02090660579963" lon="-2.1891285053733083"><time>2026-08-24T21:05:07.000Z</time></trkpt><trkpt lat="42.020886532882635" lon="-2.1891412321206007"><time>2026-08-24T21:05:08.000Z</time></trkpt><trkpt lat="42.0208663787947" lon="-2.189153914691607"><time>2026-08-24T21:05:09.000Z</time></trkpt><trkpt lat="42.02084584036083" lon="-2.189167001525024"><time>2026-08-24T21:05:10.000Z</time></trkpt><trkpt lat="42.02082533166428" lon="-2.189180380611083"><time>2026-08-24T21:05:11.000Z</time></trkpt><trkpt lat="42.02080452981099" lon="-2.1891937541055966"><time>2026-08-24T21:05:12.000Z</time></trkpt><trkpt lat="42.02078382905926" lon="-2.1892072448693716"><time>2026-08-24T21:05:13.000Z</time></trkpt><trkpt lat="42.02076288919096" lon="-2.1892208884492534"><time>2026-08-24T21:05:14.000Z</time></trkpt><trkpt lat="42.02074209039378" lon="-2.1892354142868307"><time>2026-08-24T21:05:15.000Z</time></trkpt><trkpt lat="42.02072108152481" lon="-2.1892496631248326"><time>2026-08-24T21:05:16.000Z</time></trkpt><trkpt lat="42.020700234544705" lon="-2.189263958111526"><time>2026-08-24T21:05:17.000Z</time></trkpt><trkpt lat="42.020679681861075" lon="-2.189278426407028"><time>2026-08-24T21:05:18.000Z</time></trkpt><trkpt lat="42.020659440231285" lon="-2.1892931899381836"><time>2026-08-24T21:05:19.000Z</time></trkpt><trkpt lat="42.02063898702266" lon="-2.189308108022165"><time>2026-08-24T21:05:20.000Z</time></trkpt><trkpt lat="42.02061862376408" lon="-2.1893227050758437"><time>2026-08-24T21:05:21.000Z</time></trkpt><trkpt lat="42.02059797347963" lon="-2.1893369488446366"><time>2026-08-24T21:05:22.000Z</time></trkpt><trkpt lat="42.02057740736801" lon="-2.1893511467945834"><time>2026-08-24T21:05:23.000Z</time></trkpt><trkpt lat="42.02055657788714" lon="-2.189365094823932"><time>2026-08-24T21:05:24.000Z</time></trkpt><trkpt lat="42.02053537571066" lon="-2.189379046960341"><time>2026-08-24T21:05:25.000Z</time></trkpt><trkpt lat="42.02051429325985" lon="-2.189393107293738"><time>2026-08-24T21:05:26.000Z</time></trkpt><trkpt lat="42.020493028352995" lon="-2.1894073354055683"><time>2026-08-24T21:05:27.000Z</time></trkpt><trkpt lat="42.02047196957017" lon="-2.189421734299352"><time>2026-08-24T21:05:28.000Z</time></trkpt><trkpt lat="42.02045076087526" lon="-2.189436160889777"><time>2026-08-24T21:05:29.000Z</time></trkpt><trkpt lat="42.020429764492356" lon="-2.1894500324834376"><time>2026-08-24T21:05:30.000Z</time></trkpt><trkpt lat="42.02040861273686" lon="-2.189463119139424"><time>2026-08-24T21:05:31.000Z</time></trkpt><trkpt lat="42.02038766373645" lon="-2.18947564111061"><time>2026-08-24T21:05:32.000Z</time></trkpt><trkpt lat="42.02036654934612" lon="-2.1894878227822407"><time>2026-08-24T21:05:33.000Z</time></trkpt><trkpt lat="42.02034513917903" lon="-2.1894995248346016"><time>2026-08-24T21:05:34.000Z</time></trkpt><trkpt lat="42.020323417500016" lon="-2.18951078205026"><time>2026-08-24T21:05:35.000Z</time></trkpt><trkpt lat="42.02030141781091" lon="-2.1895218800525993"><time>2026-08-24T21:05:36.000Z</time></trkpt><trkpt lat="42.02027967920168" lon="-2.189532559097015"><time>2026-08-24T21:05:37.000Z</time></trkpt><trkpt lat="42.020257900567714" lon="-2.1895424905786585"><time>2026-08-24T21:05:38.000Z</time></trkpt><trkpt lat="42.020235963041216" lon="-2.1895513903103363"><time>2026-08-24T21:05:39.000Z</time></trkpt><trkpt lat="42.02021383806208" lon="-2.189559151275176"><time>2026-08-24T21:05:40.000Z</time></trkpt><trkpt lat="42.020191537927545" lon="-2.1895663345690166"><time>2026-08-24T21:05:41.000Z</time></trkpt><trkpt lat="42.02016909018298" lon="-2.1895731230103785"><time>2026-08-24T21:05:42.000Z</time></trkpt><trkpt lat="42.02014701472862" lon="-2.189579305961442"><time>2026-08-24T21:05:43.000Z</time></trkpt><trkpt lat="42.02012498828321" lon="-2.1895847519856377"><time>2026-08-24T21:05:44.000Z</time></trkpt><trkpt lat="42.02010336102914" lon="-2.1895895627377784"><time>2026-08-24T21:05:45.000Z</time></trkpt><trkpt lat="42.020081736337" lon="-2.189593984021567"><time>2026-08-24T21:05:46.000Z</time></trkpt><trkpt lat="42.02005995053272" lon="-2.189598136454175"><time>2026-08-24T21:05:47.000Z</time></trkpt><trkpt lat="42.020038446498994" lon="-2.189602165417745"><time>2026-08-24T21:05:48.000Z</time></trkpt><trkpt lat="42.020016880854236" lon="-2.18960617723322"><time>2026-08-24T21:05:49.000Z</time></trkpt><trkpt lat="42.019995120090144" lon="-2.189610401492023"><time>2026-08-24T21:05:50.000Z</time></trkpt><trkpt lat="42.01997362387743" lon="-2.189614691276133"><time>2026-08-24T21:05:51.000Z</time></trkpt><trkpt lat="42.019952057958456" lon="-2.1896190388710637"><time>2026-08-24T21:05:52.000Z</time></trkpt><trkpt lat="42.01993029362144" lon="-2.189623188874491"><time>2026-08-24T21:05:53.000Z</time></trkpt><trkpt lat="42.019908303325266" lon="-2.189627092064455"><time>2026-08-24T21:05:54.000Z</time></trkpt><trkpt lat="42.019886104729075" lon="-2.189630851649837"><time>2026-08-24T21:05:55.000Z</time></trkpt><trkpt lat="42.019863731840495" lon="-2.1896343143622805"><time>2026-08-24T21:05:56.000Z</time></trkpt><trkpt lat="42.01984122103516" lon="-2.189637302180639"><time>2026-08-24T21:05:57.000Z</time></trkpt><trkpt lat="42.0198190946058" lon="-2.189639833342469"><time>2026-08-24T21:05:58.000Z</time></trkpt><trkpt lat="42.01979702870528" lon="-2.189642371778406"><time>2026-08-24T21:05:59.000Z</time></trkpt><trkpt lat="42.019774882193765" lon="-2.189644771009635"><time>2026-08-24T21:06:00.000Z</time></trkpt><trkpt lat="42.01975211768085" lon="-2.1896468049740276"><time>2026-08-24T21:06:01.000Z</time></trkpt><trkpt lat="42.0197290827814" lon="-2.189648305050451"><time>2026-08-24T21:06:02.000Z</time></trkpt><trkpt lat="42.019705955358525" lon="-2.1896493621208033"><time>2026-08-24T21:06:03.000Z</time></trkpt><trkpt lat="42.01968282053741" lon="-2.1896501928750944"><time>2026-08-24T21:06:04.000Z</time></trkpt><trkpt lat="42.01965971432501" lon="-2.1896505483928554"><time>2026-08-24T21:06:05.000Z</time></trkpt><trkpt lat="42.0196366478783" lon="-2.1896502035522443"><time>2026-08-24T21:06:06.000Z</time></trkpt><trkpt lat="42.019613620688226" lon="-2.189649583939807"><time>2026-08-24T21:06:07.000Z</time></trkpt><trkpt lat="42.019590627506616" lon="-2.1896483798815405"><time>2026-08-24T21:06:08.000Z</time></trkpt><trkpt lat="42.019567661807166" lon="-2.189646416453447"><time>2026-08-24T21:06:09.000Z</time></trkpt><trkpt lat="42.01954471737482" lon="-2.1896429846640295"><time>2026-08-24T21:06:10.000Z</time></trkpt><trkpt lat="42.01952178892043" lon="-2.189638684804165"><time>2026-08-24T21:06:11.000Z</time></trkpt><trkpt lat="42.01949887221498" lon="-2.189633477700554"><time>2026-08-24T21:06:12.000Z</time></trkpt><trkpt lat="42.01947596400888" lon="-2.189627371861696"><time>2026-08-24T21:06:13.000Z</time></trkpt><trkpt lat="42.01945355148357" lon="-2.1896199659317004"><time>2026-08-24T21:06:14.000Z</time></trkpt><trkpt lat="42.01943177165674" lon="-2.189611047278911"><time>2026-08-24T21:06:15.000Z</time></trkpt><trkpt lat="42.01941011014033" lon="-2.18960087549352"><time>2026-08-24T21:06:16.000Z</time></trkpt><trkpt lat="42.01938882951784" lon="-2.1895896877204333"><time>2026-08-24T21:06:17.000Z</time></trkpt><trkpt lat="42.01936749943213" lon="-2.189577681423651"><time>2026-08-24T21:06:18.000Z</time></trkpt><trkpt lat="42.01934692821755" lon="-2.189564339166445"><time>2026-08-24T21:06:19.000Z</time></trkpt><trkpt lat="42.019326861762565" lon="-2.189549190910322"><time>2026-08-24T21:06:20.000Z</time></trkpt><trkpt lat="42.01930810985167" lon="-2.1895320912710017"><time>2026-08-24T21:06:21.000Z</time></trkpt><trkpt lat="42.019290347650774" lon="-2.1895134144354493"><time>2026-08-24T21:06:22.000Z</time></trkpt><trkpt lat="42.01927331435457" lon="-2.1894937923430575"><time>2026-08-24T21:06:23.000Z</time></trkpt><trkpt lat="42.01925729861155" lon="-2.189473790173808"><time>2026-08-24T21:06:24.000Z</time></trkpt><trkpt lat="42.01924179908476" lon="-2.189453995476591"><time>2026-08-24T21:06:25.000Z</time></trkpt><trkpt lat="42.01922654305135" lon="-2.1894346847962374"><time>2026-08-24T21:06:26.000Z</time></trkpt><trkpt lat="42.019211386942956" lon="-2.1894154814910087"><time>2026-08-24T21:06:27.000Z</time></trkpt><trkpt lat="42.0191962588081" lon="-2.1893963390684963"><time>2026-08-24T21:06:28.000Z</time></trkpt><trkpt lat="42.01918161503503" lon="-2.1893777201779905"><time>2026-08-24T21:06:29.000Z</time></trkpt><trkpt lat="42.019167091801926" lon="-2.189359472753383"><time>2026-08-24T21:06:30.000Z</time></trkpt><trkpt lat="42.019153013414325" lon="-2.189341792498332"><time>2026-08-24T21:06:31.000Z</time></trkpt><trkpt lat="42.019139456336816" lon="-2.189324350607474"><time>2026-08-24T21:06:32.000Z</time></trkpt><trkpt lat="42.019125895540085" lon="-2.189307256480087"><time>2026-08-24T21:06:33.000Z</time></trkpt><trkpt lat="42.01911211527691" lon="-2.1892905717368527"><time>2026-08-24T21:06:34.000Z</time></trkpt><trkpt lat="42.01909854447419" lon="-2.1892740856074053"><time>2026-08-24T21:06:35.000Z</time></trkpt><trkpt lat="42.019084843283785" lon="-2.1892577775996918"><time>2026-08-24T21:06:36.000Z</time></trkpt><trkpt lat="42.019071378090565" lon="-2.189241891818719"><time>2026-08-24T21:06:37.000Z</time></trkpt><trkpt lat="42.01905826949417" lon="-2.189226688807552"><time>2026-08-24T21:06:38.000Z</time></trkpt><trkpt lat="42.01904503178226" lon="-2.1892122494353705"><time>2026-08-24T21:06:39.000Z</time></trkpt><trkpt lat="42.01903148149409" lon="-2.1891984477935638"><time>2026-08-24T21:06:40.000Z</time></trkpt><trkpt lat="42.01901758319308" lon="-2.1891848747710654"><time>2026-08-24T21:06:41.000Z</time></trkpt><trkpt lat="42.019003366952205" lon="-2.1891711183347087"><time>2026-08-24T21:06:42.000Z</time></trkpt><trkpt lat="42.01898937557422" lon="-2.1891568793330674"><time>2026-08-24T21:06:43.000Z</time></trkpt><trkpt lat="42.018974824521365" lon="-2.1891426779147425"><time>2026-08-24T21:06:44.000Z</time></trkpt><trkpt lat="42.018959952138864" lon="-2.1891285092658657"><time>2026-08-24T21:06:45.000Z</time></trkpt><trkpt lat="42.018945387438016" lon="-2.1891139387887244"><time>2026-08-24T21:06:46.000Z</time></trkpt><trkpt lat="42.018930860365565" lon="-2.1890988696762017"><time>2026-08-24T21:06:47.000Z</time></trkpt><trkpt lat="42.018916744485644" lon="-2.189083876870941"><time>2026-08-24T21:06:48.000Z</time></trkpt><trkpt lat="42.01890265125786" lon="-2.189069248560901"><time>2026-08-24T21:06:49.000Z</time></trkpt><trkpt lat="42.018888417760955" lon="-2.189055117850412"><time>2026-08-24T21:06:50.000Z</time></trkpt><trkpt lat="42.01887399490185" lon="-2.1890411696834886"><time>2026-08-24T21:06:51.000Z</time></trkpt><trkpt lat="42.018859876377356" lon="-2.1890270366757343"><time>2026-08-24T21:06:52.000Z</time></trkpt><trkpt lat="42.01884573683677" lon="-2.189012652451372"><time>2026-08-24T21:06:53.000Z</time></trkpt><trkpt lat="42.01883144498721" lon="-2.1889981749212324"><time>2026-08-24T21:06:54.000Z</time></trkpt><trkpt lat="42.01881696630651" lon="-2.188983681093917"><time>2026-08-24T21:06:55.000Z</time></trkpt><trkpt lat="42.018802310556794" lon="-2.1889691129738633"><time>2026-08-24T21:06:56.000Z</time></trkpt><trkpt lat="42.01878750448496" lon="-2.188954333809269"><time>2026-08-24T21:06:57.000Z</time></trkpt><trkpt lat="42.01877306801052" lon="-2.1889391307644477"><time>2026-08-24T21:06:58.000Z</time></trkpt><trkpt lat="42.01875867820577" lon="-2.1889236235942704"><time>2026-08-24T21:06:59.000Z</time></trkpt><trkpt lat="42.018744196088335" lon="-2.188907533443851"><time>2026-08-24T21:07:00.000Z</time></trkpt><trkpt lat="42.01872957626883" lon="-2.188891218104707"><time>2026-08-24T21:07:01.000Z</time></trkpt><trkpt lat="42.018715307338866" lon="-2.1888745172226494"><time>2026-08-24T21:07:02.000Z</time></trkpt><trkpt lat="42.01870105587" lon="-2.188857506044315"><time>2026-08-24T21:07:03.000Z</time></trkpt><trkpt lat="42.018686682304164" lon="-2.1888399799788627"><time>2026-08-24T21:07:04.000Z</time></trkpt><trkpt lat="42.018673124058914" lon="-2.1888219514546075"><time>2026-08-24T21:07:05.000Z</time></trkpt><trkpt lat="42.01865968332764" lon="-2.1888037960864075"><time>2026-08-24T21:07:06.000Z</time></trkpt><trkpt lat="42.01864605764758" lon="-2.188785776647206"><time>2026-08-24T21:07:07.000Z</time></trkpt><trkpt lat="42.01863263580299" lon="-2.1887683511173472"><time>2026-08-24T21:07:08.000Z</time></trkpt><trkpt lat="42.01861955174621" lon="-2.188751723683035"><time>2026-08-24T21:07:09.000Z</time></trkpt><trkpt lat="42.018606327678135" lon="-2.188735631195293"><time>2026-08-24T21:07:10.000Z</time></trkpt><trkpt lat="42.018593274405994" lon="-2.1887198966210137"><time>2026-08-24T21:07:11.000Z</time></trkpt><trkpt lat="42.01858000839856" lon="-2.1887044929164015"><time>2026-08-24T21:07:12.000Z</time></trkpt><trkpt lat="42.018566399009124" lon="-2.188689703084598"><time>2026-08-24T21:07:13.000Z</time></trkpt><trkpt lat="42.01855243650559" lon="-2.1886754730840985"><time>2026-08-24T21:07:14.000Z</time></trkpt><trkpt lat="42.01853816220161" lon="-2.188660821386061"><time>2026-08-24T21:07:15.000Z</time></trkpt><trkpt lat="42.018523633130634" lon="-2.1886457038950553"><time>2026-08-24T21:07:16.000Z</time></trkpt><trkpt lat="42.018508905479905" lon="-2.188630529442899"><time>2026-08-24T21:07:17.000Z</time></trkpt><trkpt lat="42.01849402787661" lon="-2.1886152595064003"><time>2026-08-24T21:07:18.000Z</time></trkpt><trkpt lat="42.01847952920385" lon="-2.188600135281004"><time>2026-08-24T21:07:19.000Z</time></trkpt><trkpt lat="42.018465578638164" lon="-2.188584686585291"><time>2026-08-24T21:07:20.000Z</time></trkpt><trkpt lat="42.01845168589276" lon="-2.1885692510387678"><time>2026-08-24T21:07:21.000Z</time></trkpt><trkpt lat="42.01843813124066" lon="-2.188553598788762"><time>2026-08-24T21:07:22.000Z</time></trkpt><trkpt lat="42.018424497103254" lon="-2.1885378771924886"><time>2026-08-24T21:07:23.000Z</time></trkpt><trkpt lat="42.01841111132019" lon="-2.188521880431078"><time>2026-08-24T21:07:24.000Z</time></trkpt><trkpt lat="42.01839807703086" lon="-2.188505497857157"><time>2026-08-24T21:07:25.000Z</time></trkpt><trkpt lat="42.01838539159782" lon="-2.1884890700282003"><time>2026-08-24T21:07:26.000Z</time></trkpt><trkpt lat="42.018373009159696" lon="-2.188473018411521"><time>2026-08-24T21:07:27.000Z</time></trkpt><trkpt lat="42.0183603823297" lon="-2.1884572846911543"><time>2026-08-24T21:07:28.000Z</time></trkpt><trkpt lat="42.01834780665364" lon="-2.1884421100557687"><time>2026-08-24T21:07:29.000Z</time></trkpt><trkpt lat="42.018334907670976" lon="-2.1884275832785165"><time>2026-08-24T21:07:30.000Z</time></trkpt><trkpt lat="42.0183215726623" lon="-2.1884134129622224"><time>2026-08-24T21:07:31.000Z</time></trkpt><trkpt lat="42.018308300779886" lon="-2.188399219143942"><time>2026-08-24T21:07:32.000Z</time></trkpt><trkpt lat="42.01829528948913" lon="-2.188384236345435"><time>2026-08-24T21:07:33.000Z</time></trkpt><trkpt lat="42.01828307627695" lon="-2.188368250581653"><time>2026-08-24T21:07:34.000Z</time></trkpt><trkpt lat="42.01827080084495" lon="-2.1883521286734116"><time>2026-08-24T21:07:35.000Z</time></trkpt><trkpt lat="42.018258116879394" lon="-2.1883364898856734"><time>2026-08-24T21:07:36.000Z</time></trkpt><trkpt lat="42.01824542380202" lon="-2.1883210070333328"><time>2026-08-24T21:07:37.000Z</time></trkpt><trkpt lat="42.01823239766688" lon="-2.1883052193499433"><time>2026-08-24T21:07:38.000Z</time></trkpt><trkpt lat="42.01821943742031" lon="-2.188288853798466"><time>2026-08-24T21:07:39.000Z</time></trkpt><trkpt lat="42.01820620929441" lon="-2.188271994504293"><time>2026-08-24T21:07:40.000Z</time></trkpt><trkpt lat="42.01819261021432" lon="-2.188254923088175"><time>2026-08-24T21:07:41.000Z</time></trkpt><trkpt lat="42.01817962456303" lon="-2.18823646692792"><time>2026-08-24T21:07:42.000Z</time></trkpt><trkpt lat="42.01816757900962" lon="-2.188216749237712"><time>2026-08-24T21:07:43.000Z</time></trkpt><trkpt lat="42.01815648742718" lon="-2.1881963192840206"><time>2026-08-24T21:07:44.000Z</time></trkpt><trkpt lat="42.018146233088366" lon="-2.1881757088956797"><time>2026-08-24T21:07:45.000Z</time></trkpt><trkpt lat="42.01813666046203" lon="-2.188154823648752"><time>2026-08-24T21:07:46.000Z</time></trkpt><trkpt lat="42.01812712838785" lon="-2.188133904739304"><time>2026-08-24T21:07:47.000Z</time></trkpt><trkpt lat="42.018117367609854" lon="-2.1881129946191256"><time>2026-08-24T21:07:48.000Z</time></trkpt><trkpt lat="42.01810729659321" lon="-2.1880923544484996"><time>2026-08-24T21:07:49.000Z</time></trkpt><trkpt lat="42.01809692157783" lon="-2.188071904131004"><time>2026-08-24T21:07:50.000Z</time></trkpt><trkpt lat="42.018086284151295" lon="-2.188051616913564"><time>2026-08-24T21:07:51.000Z</time></trkpt><trkpt lat="42.01807543512083" lon="-2.1880314302440613"><time>2026-08-24T21:07:52.000Z</time></trkpt><trkpt lat="42.01806491218021" lon="-2.1880112748556093"><time>2026-08-24T21:07:53.000Z</time></trkpt><trkpt lat="42.01805391569528" lon="-2.1879917608208554"><time>2026-08-24T21:07:54.000Z</time></trkpt><trkpt lat="42.018042666739355" lon="-2.1879730876719483"><time>2026-08-24T21:07:55.000Z</time></trkpt><trkpt lat="42.01803128876205" lon="-2.187955566263755"><time>2026-08-24T21:07:56.000Z</time></trkpt><trkpt lat="42.01801984916376" lon="-2.1879387789838716"><time>2026-08-24T21:07:57.000Z</time></trkpt><trkpt lat="42.01800887322176" lon="-2.187922551423317"><time>2026-08-24T21:07:58.000Z</time></trkpt><trkpt lat="42.0179985177532" lon="-2.187906770516193"><time>2026-08-24T21:07:59.000Z</time></trkpt><trkpt lat="42.017988278093135" lon="-2.1878912405689084"><time>2026-08-24T21:08:00.000Z</time></trkpt><trkpt lat="42.01797842115051" lon="-2.1878756957746837"><time>2026-08-24T21:08:01.000Z</time></trkpt><trkpt lat="42.01796851811549" lon="-2.187860059171669"><time>2026-08-24T21:08:02.000Z</time></trkpt><trkpt lat="42.01795839830578" lon="-2.1878442190459357"><time>2026-08-24T21:08:03.000Z</time></trkpt><trkpt lat="42.01794752964081" lon="-2.187828247313787"><time>2026-08-24T21:08:04.000Z</time></trkpt><trkpt lat="42.0179362787171" lon="-2.187812680094858"><time>2026-08-24T21:08:05.000Z</time></trkpt><trkpt lat="42.01792484557367" lon="-2.1877976556617686"><time>2026-08-24T21:08:06.000Z</time></trkpt><trkpt lat="42.01791333598087" lon="-2.187782549280781"><time>2026-08-24T21:08:07.000Z</time></trkpt><trkpt lat="42.017901313700015" lon="-2.187766991780943"><time>2026-08-24T21:08:08.000Z</time></trkpt><trkpt lat="42.0178891544868" lon="-2.1877509502270938"><time>2026-08-24T21:08:09.000Z</time></trkpt><trkpt lat="42.01787703066503" lon="-2.1877354830049374"><time>2026-08-24T21:08:10.000Z</time></trkpt><trkpt lat="42.01786451905034" lon="-2.1877204014664513"><time>2026-08-24T21:08:11.000Z</time></trkpt><trkpt lat="42.01785198474453" lon="-2.187705394814192"><time>2026-08-24T21:08:12.000Z</time></trkpt><trkpt lat="42.017839091410465" lon="-2.1876902948392094"><time>2026-08-24T21:08:13.000Z</time></trkpt><trkpt lat="42.017826236224636" lon="-2.187675013644616"><time>2026-08-24T21:08:14.000Z</time></trkpt><trkpt lat="42.01781259864008" lon="-2.1876596912941237"><time>2026-08-24T21:08:15.000Z</time></trkpt><trkpt lat="42.017798920369096" lon="-2.1876448497628918"><time>2026-08-24T21:08:16.000Z</time></trkpt><trkpt lat="42.01778453287437" lon="-2.1876308259092556"><time>2026-08-24T21:08:17.000Z</time></trkpt><trkpt lat="42.017769741468356" lon="-2.187618020722993"><time>2026-08-24T21:08:18.000Z</time></trkpt><trkpt lat="42.01775472373029" lon="-2.1876070549442286"><time>2026-08-24T21:08:19.000Z</time></trkpt><trkpt lat="42.017739581842605" lon="-2.187598254135914"><time>2026-08-24T21:08:20.000Z</time></trkpt><trkpt lat="42.01772486343248" lon="-2.1875921783203145"><time>2026-08-24T21:08:21.000Z</time></trkpt><trkpt lat="42.01771073967832" lon="-2.187589442800513"><time>2026-08-24T21:08:22.000Z</time></trkpt><trkpt lat="42.017696715143316" lon="-2.1875905454715303"><time>2026-08-24T21:08:23.000Z</time></trkpt><trkpt lat="42.01768208344481" lon="-2.1875951681564936"><time>2026-08-24T21:08:24.000Z</time></trkpt><trkpt lat="42.01766712121" lon="-2.1876029116350786"><time>2026-08-24T21:08:25.000Z</time></trkpt><trkpt lat="42.01765198478704" lon="-2.187614128965816"><time>2026-08-24T21:08:26.000Z</time></trkpt><trkpt lat="42.01763676092207" lon="-2.187628519686318"><time>2026-08-24T21:08:27.000Z</time></trkpt><trkpt lat="42.01762149656312" lon="-2.1876452161490807"><time>2026-08-24T21:08:28.000Z</time></trkpt><trkpt lat="42.017606216242285" lon="-2.187663626290728"><time>2026-08-24T21:08:29.000Z</time></trkpt><trkpt lat="42.017591421722" lon="-2.187683255731063"><time>2026-08-24T21:08:30.000Z</time></trkpt><trkpt lat="42.017576767682385" lon="-2.187703438366057"><time>2026-08-24T21:08:31.000Z</time></trkpt><trkpt lat="42.01756209387872" lon="-2.1877234004608708"><time>2026-08-24T21:08:32.000Z</time></trkpt><trkpt lat="42.017547336853575" lon="-2.1877430352756746"><time>2026-08-24T21:08:33.000Z</time></trkpt><trkpt lat="42.017532970765025" lon="-2.187762555061988"><time>2026-08-24T21:08:34.000Z</time></trkpt><trkpt lat="42.01751914071106" lon="-2.18778233740177"><time>2026-08-24T21:08:35.000Z</time></trkpt><trkpt lat="42.01750583764865" lon="-2.1878023204935397"><time>2026-08-24T21:08:36.000Z</time></trkpt><trkpt lat="42.017492990215" lon="-2.1878223307165188"><time>2026-08-24T21:08:37.000Z</time></trkpt><trkpt lat="42.01748100015188" lon="-2.187842568491604"><time>2026-08-24T21:08:38.000Z</time></trkpt><trkpt lat="42.017469922867754" lon="-2.1878633931594726"><time>2026-08-24T21:08:39.000Z</time></trkpt><trkpt lat="42.01745966402786" lon="-2.1878848773817987"><time>2026-08-24T21:08:40.000Z</time></trkpt><trkpt lat="42.01745007973593" lon="-2.1879069970309297"><time>2026-08-24T21:08:41.000Z</time></trkpt><trkpt lat="42.01744102415346" lon="-2.1879298748188716"><time>2026-08-24T21:08:42.000Z</time></trkpt><trkpt lat="42.01743236936025" lon="-2.187953310973233"><time>2026-08-24T21:08:43.000Z</time></trkpt><trkpt lat="42.0174245008444" lon="-2.1879773351595793"><time>2026-08-24T21:08:44.000Z</time></trkpt><trkpt lat="42.01741747644527" lon="-2.1880019147228276"><time>2026-08-24T21:08:45.000Z</time></trkpt><trkpt lat="42.01741072203131" lon="-2.1880269037314144"><time>2026-08-24T21:08:46.000Z</time></trkpt><trkpt lat="42.017403966503814" lon="-2.188052189534166"><time>2026-08-24T21:08:47.000Z</time></trkpt><trkpt lat="42.01739709835822" lon="-2.1880779936511274"><time>2026-08-24T21:08:48.000Z</time></trkpt><trkpt lat="42.01739106534882" lon="-2.188104340786796"><time>2026-08-24T21:08:49.000Z</time></trkpt><trkpt lat="42.017386150603976" lon="-2.1881310796176883"><time>2026-08-24T21:08:50.000Z</time></trkpt><trkpt lat="42.017381837587216" lon="-2.1881579445469392"><time>2026-08-24T21:08:51.000Z</time></trkpt><trkpt lat="42.0173778363407" lon="-2.188184993612352"><time>2026-08-24T21:08:52.000Z</time></trkpt><trkpt lat="42.01737398743487" lon="-2.1882120434782495"><time>2026-08-24T21:08:53.000Z</time></trkpt><trkpt lat="42.017370205658644" lon="-2.1882389879374817"><time>2026-08-24T21:08:54.000Z</time></trkpt><trkpt lat="42.01736644730325" lon="-2.188265857980516"><time>2026-08-24T21:08:55.000Z</time></trkpt><trkpt lat="42.01736269136195" lon="-2.1882926453208023"><time>2026-08-24T21:08:56.000Z</time></trkpt><trkpt lat="42.01735941848424" lon="-2.1883194183617634"><time>2026-08-24T21:08:57.000Z</time></trkpt><trkpt lat="42.01735676461712" lon="-2.1883461459081786"><time>2026-08-24T21:08:58.000Z</time></trkpt><trkpt lat="42.017354706299024" lon="-2.188372576146663"><time>2026-08-24T21:08:59.000Z</time></trkpt><trkpt lat="42.017352667819274" lon="-2.1883987353330814"><time>2026-08-24T21:09:00.000Z</time></trkpt><trkpt lat="42.017350899145406" lon="-2.188424577267605"><time>2026-08-24T21:09:01.000Z</time></trkpt><trkpt lat="42.01734897898259" lon="-2.1884501236424048"><time>2026-08-24T21:09:02.000Z</time></trkpt><trkpt lat="42.01734773249218" lon="-2.1884754213256827"><time>2026-08-24T21:09:03.000Z</time></trkpt><trkpt lat="42.017346923427695" lon="-2.1885004603371807"><time>2026-08-24T21:09:04.000Z</time></trkpt><trkpt lat="42.01734639835199" lon="-2.1885252085654994"><time>2026-08-24T21:09:05.000Z</time></trkpt><trkpt lat="42.01734605762501" lon="-2.188549659507011"><time>2026-08-24T21:09:06.000Z</time></trkpt><trkpt lat="42.017345836550774" lon="-2.1885736038343064"><time>2026-08-24T21:09:07.000Z</time></trkpt><trkpt lat="42.01734618273869" lon="-2.1885970203625464"><time>2026-08-24T21:09:08.000Z</time></trkpt><trkpt lat="42.017347697332625" lon="-2.1886199681093172"><time>2026-08-24T21:09:09.000Z</time></trkpt><trkpt lat="42.01734949871928" lon="-2.1886426539500756"><time>2026-08-24T21:09:10.000Z</time></trkpt><trkpt lat="42.017351187011485" lon="-2.1886652272989373"><time>2026-08-24T21:09:11.000Z</time></trkpt><trkpt lat="42.01735261203788" lon="-2.1886876111244637"><time>2026-08-24T21:09:12.000Z</time></trkpt><trkpt lat="42.017354724963894" lon="-2.1887097980275727"><time>2026-08-24T21:09:13.000Z</time></trkpt><trkpt lat="42.01735733960967" lon="-2.188731596031124"><time>2026-08-24T21:09:14.000Z</time></trkpt><trkpt lat="42.01736031490517" lon="-2.1887534349971545"><time>2026-08-24T21:09:15.000Z</time></trkpt><trkpt lat="42.017363056853576" lon="-2.1887754866997127"><time>2026-08-24T21:09:16.000Z</time></trkpt><trkpt lat="42.01736584038756" lon="-2.1887977639760057"><time>2026-08-24T21:09:17.000Z</time></trkpt><trkpt lat="42.01736877339612" lon="-2.188820212560112"><time>2026-08-24T21:09:18.000Z</time></trkpt><trkpt lat="42.017371391516086" lon="-2.188842696314426"><time>2026-08-24T21:09:19.000Z</time></trkpt><trkpt lat="42.017373543922695" lon="-2.1888651240582355"><time>2026-08-24T21:09:20.000Z</time></trkpt><trkpt lat="42.017374738664266" lon="-2.188887649033128"><time>2026-08-24T21:09:21.000Z</time></trkpt><trkpt lat="42.01737538566417" lon="-2.188910138265655"><time>2026-08-24T21:09:22.000Z</time></trkpt><trkpt lat="42.01737572404432" lon="-2.188932908788359"><time>2026-08-24T21:09:23.000Z</time></trkpt><trkpt lat="42.01737589189399" lon="-2.188955381848044"><time>2026-08-24T21:09:24.000Z</time></trkpt><trkpt lat="42.017375967970274" lon="-2.1889773878744347"><time>2026-08-24T21:09:25.000Z</time></trkpt><trkpt lat="42.01737648609756" lon="-2.1889990699791735"><time>2026-08-24T21:09:26.000Z</time></trkpt><trkpt lat="42.01737760938595" lon="-2.189019671856676"><time>2026-08-24T21:09:27.000Z</time></trkpt><trkpt lat="42.017379327338126" lon="-2.1890383474660124"><time>2026-08-24T21:09:28.000Z</time></trkpt><trkpt lat="42.017381559306735" lon="-2.1890555158241995"><time>2026-08-24T21:09:29.000Z</time></trkpt><trkpt lat="42.017383716494656" lon="-2.1890716653524764"><time>2026-08-24T21:09:30.000Z</time></trkpt><trkpt lat="42.017386055624215" lon="-2.1890868219576363"><time>2026-08-24T21:09:31.000Z</time></trkpt><trkpt lat="42.017388659070285" lon="-2.1891012155511302"><time>2026-08-24T21:09:32.000Z</time></trkpt><trkpt lat="42.01739152683297" lon="-2.189114946947562"><time>2026-08-24T21:09:33.000Z</time></trkpt><trkpt lat="42.017394624987666" lon="-2.1891281120570745"><time>2026-08-24T21:09:34.000Z</time></trkpt><trkpt lat="42.01739790999263" lon="-2.1891407924600674"><time>2026-08-24T21:09:35.000Z</time></trkpt><trkpt lat="42.017401339933976" lon="-2.189153083965418"><time>2026-08-24T21:09:36.000Z</time></trkpt><trkpt lat="42.017404878947794" lon="-2.189165473753468"><time>2026-08-24T21:09:37.000Z</time></trkpt><trkpt lat="42.01740800865422" lon="-2.1891783028502116"><time>2026-08-24T21:09:38.000Z</time></trkpt><trkpt lat="42.01741056810114" lon="-2.1891916247162557"><time>2026-08-24T21:09:39.000Z</time></trkpt><trkpt lat="42.01741256419504" lon="-2.189205612326913"><time>2026-08-24T21:09:40.000Z</time></trkpt><trkpt lat="42.01741456169637" lon="-2.1892199760658992"><time>2026-08-24T21:09:41.000Z</time></trkpt><trkpt lat="42.01741630340105" lon="-2.189234456582078"><time>2026-08-24T21:09:42.000Z</time></trkpt><trkpt lat="42.01741820582561" lon="-2.189248779074508"><time>2026-08-24T21:09:43.000Z</time></trkpt><trkpt lat="42.01741993026665" lon="-2.1892632484617356"><time>2026-08-24T21:09:44.000Z</time></trkpt><trkpt lat="42.01742087046813" lon="-2.189278124468979"><time>2026-08-24T21:09:45.000Z</time></trkpt><trkpt lat="42.017420877409556" lon="-2.189293186464708"><time>2026-08-24T21:09:46.000Z</time></trkpt><trkpt lat="42.01742049911245" lon="-2.189308350314824"><time>2026-08-24T21:09:47.000Z</time></trkpt><trkpt lat="42.01742001071512" lon="-2.1893235070959154"><time>2026-08-24T21:09:48.000Z</time></trkpt><trkpt lat="42.01742051888115" lon="-2.189337939642387"><time>2026-08-24T21:09:49.000Z</time></trkpt><trkpt lat="42.017421861853485" lon="-2.189351476156612"><time>2026-08-24T21:09:50.000Z</time></trkpt><trkpt lat="42.01742386586904" lon="-2.1893647117029276"><time>2026-08-24T21:09:51.000Z</time></trkpt><trkpt lat="42.01742539530126" lon="-2.189378266584747"><time>2026-08-24T21:09:52.000Z</time></trkpt><trkpt lat="42.017426532983926" lon="-2.1893923552774734"><time>2026-08-24T21:09:53.000Z</time></trkpt><trkpt lat="42.017427852921834" lon="-2.189406813991426"><time>2026-08-24T21:09:54.000Z</time></trkpt><trkpt lat="42.017429568117116" lon="-2.1894209769689406"><time>2026-08-24T21:09:55.000Z</time></trkpt><trkpt lat="42.01743220517108" lon="-2.1894343325801624"><time>2026-08-24T21:09:56.000Z</time></trkpt><trkpt lat="42.01743537302593" lon="-2.1894471409510605"><time>2026-08-24T21:09:57.000Z</time></trkpt><trkpt lat="42.01743835289292" lon="-2.1894600384576064"><time>2026-08-24T21:09:58.000Z</time></trkpt><trkpt lat="42.01744087287881" lon="-2.1894738571528305"><time>2026-08-24T21:09:59.000Z</time></trkpt><trkpt lat="42.017442880033954" lon="-2.189488576665436"><time>2026-08-24T21:10:00.000Z</time></trkpt><trkpt lat="42.017444418372975" lon="-2.1895038587826505"><time>2026-08-24T21:10:01.000Z</time></trkpt><trkpt lat="42.0174455661944" lon="-2.1895192166017527"><time>2026-08-24T21:10:02.000Z</time></trkpt><trkpt lat="42.01744689547713" lon="-2.189534470484406"><time>2026-08-24T21:10:03.000Z</time></trkpt><trkpt lat="42.017448128880254" lon="-2.1895495597896395"><time>2026-08-24T21:10:04.000Z</time></trkpt><trkpt lat="42.01744916449153" lon="-2.189564725472051"><time>2026-08-24T21:10:05.000Z</time></trkpt><trkpt lat="42.017449985726394" lon="-2.189580148763875"><time>2026-08-24T21:10:06.000Z</time></trkpt><trkpt lat="42.017450613269645" lon="-2.1895959324401377"><time>2026-08-24T21:10:07.000Z</time></trkpt><trkpt lat="42.01745059088939" lon="-2.189612011370899"><time>2026-08-24T21:10:08.000Z</time></trkpt><trkpt lat="42.01745030372143" lon="-2.1896279230293807"><time>2026-08-24T21:10:09.000Z</time></trkpt><trkpt lat="42.01744994436264" lon="-2.1896436208034307"><time>2026-08-24T21:10:10.000Z</time></trkpt><trkpt lat="42.017449111785794" lon="-2.1896592965523354"><time>2026-08-24T21:10:11.000Z</time></trkpt><trkpt lat="42.01744819118195" lon="-2.189675429925669"><time>2026-08-24T21:10:12.000Z</time></trkpt><trkpt lat="42.017447842094384" lon="-2.189692435129692"><time>2026-08-24T21:10:13.000Z</time></trkpt><trkpt lat="42.01744826279175" lon="-2.189709881239586"><time>2026-08-24T21:10:14.000Z</time></trkpt><trkpt lat="42.01744943612698" lon="-2.189727381193222"><time>2026-08-24T21:10:15.000Z</time></trkpt><trkpt lat="42.01745076882778" lon="-2.189744829876072"><time>2026-08-24T21:10:16.000Z</time></trkpt><trkpt lat="42.0174519961105" lon="-2.189762282380987"><time>2026-08-24T21:10:17.000Z</time></trkpt><trkpt lat="42.01745302245867" lon="-2.189779730305821"><time>2026-08-24T21:10:18.000Z</time></trkpt><trkpt lat="42.017453834325046" lon="-2.1897975379860997"><time>2026-08-24T21:10:19.000Z</time></trkpt><trkpt lat="42.01745445365886" lon="-2.1898162071019036"><time>2026-08-24T21:10:20.000Z</time></trkpt><trkpt lat="42.017455893432015" lon="-2.189836109103848"><time>2026-08-24T21:10:21.000Z</time></trkpt><trkpt lat="42.01745748629675" lon="-2.1898572693292757"><time>2026-08-24T21:10:22.000Z</time></trkpt><trkpt lat="42.01745991698916" lon="-2.189879628523862"><time>2026-08-24T21:10:23.000Z</time></trkpt><trkpt lat="42.017462870361875" lon="-2.1899029777981602"><time>2026-08-24T21:10:24.000Z</time></trkpt><trkpt lat="42.01746663915209" lon="-2.1899268898446516"><time>2026-08-24T21:10:25.000Z</time></trkpt><trkpt lat="42.01747074965053" lon="-2.1899511470535558"><time>2026-08-24T21:10:26.000Z</time></trkpt><trkpt lat="42.01747496291017" lon="-2.1899752788975344"><time>2026-08-24T21:10:27.000Z</time></trkpt><trkpt lat="42.01747867772481" lon="-2.189999168889465"><time>2026-08-24T21:10:28.000Z</time></trkpt><trkpt lat="42.01748171047234" lon="-2.190022708295419"><time>2026-08-24T21:10:29.000Z</time></trkpt><trkpt lat="42.01748456268395" lon="-2.190046111536964"><time>2026-08-24T21:10:30.000Z</time></trkpt><trkpt lat="42.01748697446781" lon="-2.1900691171885827"><time>2026-08-24T21:10:31.000Z</time></trkpt><trkpt lat="42.01748889532002" lon="-2.1900919746232326"><time>2026-08-24T21:10:32.000Z</time></trkpt><trkpt lat="42.01748987784112" lon="-2.1901148055644355"><time>2026-08-24T21:10:33.000Z</time></trkpt><trkpt lat="42.01749034782109" lon="-2.19013781654571"><time>2026-08-24T21:10:34.000Z</time></trkpt><trkpt lat="42.0174905463983" lon="-2.190160763509939"><time>2026-08-24T21:10:35.000Z</time></trkpt><trkpt lat="42.01749011810511" lon="-2.1901834011594348"><time>2026-08-24T21:10:36.000Z</time></trkpt><trkpt lat="42.01748899700594" lon="-2.190205821175826"><time>2026-08-24T21:10:37.000Z</time></trkpt><trkpt lat="42.01748773447755" lon="-2.1902277220415804"><time>2026-08-24T21:10:38.000Z</time></trkpt><trkpt lat="42.01748559652626" lon="-2.1902491074152484"><time>2026-08-24T21:10:39.000Z</time></trkpt><trkpt lat="42.0174823932282" lon="-2.190270167368827"><time>2026-08-24T21:10:40.000Z</time></trkpt><trkpt lat="42.01747867271265" lon="-2.1902911749507976"><time>2026-08-24T21:10:41.000Z</time></trkpt><trkpt lat="42.017474237490994" lon="-2.1903122493334464"><time>2026-08-24T21:10:42.000Z</time></trkpt><trkpt lat="42.01746909796228" lon="-2.1903332474181467"><time>2026-08-24T21:10:43.000Z</time></trkpt><trkpt lat="42.01746334880591" lon="-2.1903538752595293"><time>2026-08-24T21:10:44.000Z</time></trkpt><trkpt lat="42.017456617648214" lon="-2.1903737839152844"><time>2026-08-24T21:10:45.000Z</time></trkpt><trkpt lat="42.01744887717167" lon="-2.1903930443883746"><time>2026-08-24T21:10:46.000Z</time></trkpt><trkpt lat="42.01744024567055" lon="-2.1904114019054868"><time>2026-08-24T21:10:47.000Z</time></trkpt><trkpt lat="42.01743039661342" lon="-2.1904286532308617"><time>2026-08-24T21:10:48.000Z</time></trkpt><trkpt lat="42.017419351795226" lon="-2.19044476484128"><time>2026-08-24T21:10:49.000Z</time></trkpt><trkpt lat="42.017406784055346" lon="-2.1904597774094605"><time>2026-08-24T21:10:50.000Z</time></trkpt><trkpt lat="42.017393243733444" lon="-2.1904739405481832"><time>2026-08-24T21:10:51.000Z</time></trkpt><trkpt lat="42.01737908230717" lon="-2.190487098871336"><time>2026-08-24T21:10:52.000Z</time></trkpt><trkpt lat="42.017364034633935" lon="-2.1904992561509657"><time>2026-08-24T21:10:53.000Z</time></trkpt><trkpt lat="42.01734859487825" lon="-2.1905102364163107"><time>2026-08-24T21:10:54.000Z</time></trkpt><trkpt lat="42.017333016876734" lon="-2.1905204242713823"><time>2026-08-24T21:10:55.000Z</time></trkpt><trkpt lat="42.017317912522024" lon="-2.1905302022162507"><time>2026-08-24T21:10:56.000Z</time></trkpt><trkpt lat="42.017302983409444" lon="-2.1905399333918734"><time>2026-08-24T21:10:57.000Z</time></trkpt><trkpt lat="42.01728857376457" lon="-2.1905498957572225"><time>2026-08-24T21:10:58.000Z</time></trkpt><trkpt lat="42.017274269067435" lon="-2.1905604189175296"><time>2026-08-24T21:10:59.000Z</time></trkpt><trkpt lat="42.01725988513503" lon="-2.190571597238701"><time>2026-08-24T21:11:00.000Z</time></trkpt><trkpt lat="42.017245845895" lon="-2.1905834772968493"><time>2026-08-24T21:11:01.000Z</time></trkpt><trkpt lat="42.0172317920835" lon="-2.190595620998728"><time>2026-08-24T21:11:02.000Z</time></trkpt><trkpt lat="42.01721757761394" lon="-2.190607783483992"><time>2026-08-24T21:11:03.000Z</time></trkpt><trkpt lat="42.017203652553825" lon="-2.190619861500166"><time>2026-08-24T21:11:04.000Z</time></trkpt><trkpt lat="42.017189675500084" lon="-2.1906317009632637"><time>2026-08-24T21:11:05.000Z</time></trkpt><trkpt lat="42.01717600213546" lon="-2.1906433608362774"><time>2026-08-24T21:11:06.000Z</time></trkpt><trkpt lat="42.017162250353316" lon="-2.1906550108549045"><time>2026-08-24T21:11:07.000Z</time></trkpt><trkpt lat="42.017148762464785" lon="-2.1906670281933978"><time>2026-08-24T21:11:08.000Z</time></trkpt><trkpt lat="42.01713515596404" lon="-2.190679796445716"><time>2026-08-24T21:11:09.000Z</time></trkpt><trkpt lat="42.01712128854613" lon="-2.1906930406026905"><time>2026-08-24T21:11:10.000Z</time></trkpt><trkpt lat="42.01710762470407" lon="-2.1907068311300426"><time>2026-08-24T21:11:11.000Z</time></trkpt><trkpt lat="42.01709383999229" lon="-2.190721157522758"><time>2026-08-24T21:11:12.000Z</time></trkpt><trkpt lat="42.01708030591737" lon="-2.1907358548750233"><time>2026-08-24T21:11:13.000Z</time></trkpt><trkpt lat="42.01706714330923" lon="-2.190750715859037"><time>2026-08-24T21:11:14.000Z</time></trkpt><trkpt lat="42.01705386464185" lon="-2.1907653892831003"><time>2026-08-24T21:11:15.000Z</time></trkpt><trkpt lat="42.01704028403179" lon="-2.1907794791818227"><time>2026-08-24T21:11:16.000Z</time></trkpt><trkpt lat="42.017026363679925" lon="-2.190793142183356"><time>2026-08-24T21:11:17.000Z</time></trkpt><trkpt lat="42.01701213162467" lon="-2.19080671178865"><time>2026-08-24T21:11:18.000Z</time></trkpt><trkpt lat="42.016997639419834" lon="-2.190820214929128"><time>2026-08-24T21:11:19.000Z</time></trkpt><trkpt lat="42.016982941686805" lon="-2.190833610025379"><time>2026-08-24T21:11:20.000Z</time></trkpt><trkpt lat="42.016968087299716" lon="-2.190846526612965"><time>2026-08-24T21:11:21.000Z</time></trkpt><trkpt lat="42.01695311649288" lon="-2.1908590265414563"><time>2026-08-24T21:11:22.000Z</time></trkpt><trkpt lat="42.01693855038904" lon="-2.190871035756815"><time>2026-08-24T21:11:23.000Z</time></trkpt><trkpt lat="42.0169240620503" lon="-2.1908829233507063"><time>2026-08-24T21:11:24.000Z</time></trkpt><trkpt lat="42.01690950685168" lon="-2.1908950711419637"><time>2026-08-24T21:11:25.000Z</time></trkpt><trkpt lat="42.01689532342379" lon="-2.190907694782368"><time>2026-08-24T21:11:26.000Z</time></trkpt><trkpt lat="42.0168811550825" lon="-2.190920669006678"><time>2026-08-24T21:11:27.000Z</time></trkpt><trkpt lat="42.01686685299706" lon="-2.1909339890315676"><time>2026-08-24T21:11:28.000Z</time></trkpt><trkpt lat="42.016852862650474" lon="-2.190947455500804"><time>2026-08-24T21:11:29.000Z</time></trkpt><trkpt lat="42.016839327496285" lon="-2.19096011069835"><time>2026-08-24T21:11:30.000Z</time></trkpt><trkpt lat="42.016825758579586" lon="-2.1909717255316243"><time>2026-08-24T21:11:31.000Z</time></trkpt><trkpt lat="42.016812448476415" lon="-2.190983012396443"><time>2026-08-24T21:11:32.000Z</time></trkpt><trkpt lat="42.016799484461025" lon="-2.190994367976742"><time>2026-08-24T21:11:33.000Z</time></trkpt><trkpt lat="42.01678685805601" lon="-2.191005916220002"><time>2026-08-24T21:11:34.000Z</time></trkpt><trkpt lat="42.01677452243832" lon="-2.1910175610412757"><time>2026-08-24T21:11:35.000Z</time></trkpt><trkpt lat="42.01676242100255" lon="-2.191029801285881"><time>2026-08-24T21:11:36.000Z</time></trkpt><trkpt lat="42.0167505003798" lon="-2.191042459966636"><time>2026-08-24T21:11:37.000Z</time></trkpt><trkpt lat="42.016738715383916" lon="-2.1910554104886697"><time>2026-08-24T21:11:38.000Z</time></trkpt><trkpt lat="42.016726540387594" lon="-2.1910685020572798"><time>2026-08-24T21:11:39.000Z</time></trkpt><trkpt lat="42.016714298586585" lon="-2.1910815626650733"><time>2026-08-24T21:11:40.000Z</time></trkpt><trkpt lat="42.01670164204732" lon="-2.191094433645453"><time>2026-08-24T21:11:41.000Z</time></trkpt><trkpt lat="42.016688970320814" lon="-2.191107104593278"><time>2026-08-24T21:11:42.000Z</time></trkpt><trkpt lat="42.01667644990475" lon="-2.191119290890603"><time>2026-08-24T21:11:43.000Z</time></trkpt><trkpt lat="42.01666412994796" lon="-2.191130753922443"><time>2026-08-24T21:11:44.000Z</time></trkpt><trkpt lat="42.016651515352315" lon="-2.191141671853202"><time>2026-08-24T21:11:45.000Z</time></trkpt><trkpt lat="42.01663892964696" lon="-2.1911522186204855"><time>2026-08-24T21:11:46.000Z</time></trkpt><trkpt lat="42.016626502363955" lon="-2.191162513495869"><time>2026-08-24T21:11:47.000Z</time></trkpt><trkpt lat="42.01661426651567" lon="-2.191172821533292"><time>2026-08-24T21:11:48.000Z</time></trkpt><trkpt lat="42.01660221112733" lon="-2.1911832808021403"><time>2026-08-24T21:11:49.000Z</time></trkpt><trkpt lat="42.01658981890677" lon="-2.1911938369516766"><time>2026-08-24T21:11:50.000Z</time></trkpt><trkpt lat="42.016577409658375" lon="-2.1912042715599824"><time>2026-08-24T21:11:51.000Z</time></trkpt><trkpt lat="42.016564627663115" lon="-2.1912143878706063"><time>2026-08-24T21:11:52.000Z</time></trkpt><trkpt lat="42.016551863876145" lon="-2.191224053903715"><time>2026-08-24T21:11:53.000Z</time></trkpt><trkpt lat="42.01653878735822" lon="-2.191233885111323"><time>2026-08-24T21:11:54.000Z</time></trkpt><trkpt lat="42.01652579156668" lon="-2.191244450364497"><time>2026-08-24T21:11:55.000Z</time></trkpt><trkpt lat="42.01651302817927" lon="-2.191255859129012"><time>2026-08-24T21:11:56.000Z</time></trkpt><trkpt lat="42.0165000402226" lon="-2.19126746681051"><time>2026-08-24T21:11:57.000Z</time></trkpt><trkpt lat="42.01648715793355" lon="-2.1912791048155014"><time>2026-08-24T21:11:58.000Z</time></trkpt><trkpt lat="42.016474503752384" lon="-2.1912907610209174"><time>2026-08-24T21:11:59.000Z</time></trkpt><trkpt lat="42.01646209882679" lon="-2.1913020914907757"><time>2026-08-24T21:12:00.000Z</time></trkpt><trkpt lat="42.0164494302639" lon="-2.1913130269891004"><time>2026-08-24T21:12:01.000Z</time></trkpt><trkpt lat="42.016436320674764" lon="-2.1913237120988596"><time>2026-08-24T21:12:02.000Z</time></trkpt><trkpt lat="42.01642324322038" lon="-2.1913338712931707"><time>2026-08-24T21:12:03.000Z</time></trkpt><trkpt lat="42.016409899029156" lon="-2.1913437646079643"><time>2026-08-24T21:12:04.000Z</time></trkpt><trkpt lat="42.016396199251076" lon="-2.1913533802566225"><time>2026-08-24T21:12:05.000Z</time></trkpt><trkpt lat="42.016382642544386" lon="-2.1913625960197325"><time>2026-08-24T21:12:06.000Z</time></trkpt><trkpt lat="42.01636892629957" lon="-2.191371504689961"><time>2026-08-24T21:12:07.000Z</time></trkpt><trkpt lat="42.01635543597904" lon="-2.1913804593033017"><time>2026-08-24T21:12:08.000Z</time></trkpt><trkpt lat="42.0163418117214" lon="-2.191389538153693"><time>2026-08-24T21:12:09.000Z</time></trkpt><trkpt lat="42.01632841212497" lon="-2.1913987269388895"><time>2026-08-24T21:12:10.000Z</time></trkpt><trkpt lat="42.01631535603759" lon="-2.1914079444574552"><time>2026-08-24T21:12:11.000Z</time></trkpt><trkpt lat="42.01630264831588" lon="-2.1914173065833658"><time>2026-08-24T21:12:12.000Z</time></trkpt><trkpt lat="42.01629024624775" lon="-2.1914270566819"><time>2026-08-24T21:12:13.000Z</time></trkpt><trkpt lat="42.01627760340216" lon="-2.1914370921799784"><time>2026-08-24T21:12:14.000Z</time></trkpt><trkpt lat="42.01626501525461" lon="-2.191447273002659"><time>2026-08-24T21:12:15.000Z</time></trkpt><trkpt lat="42.01625259647136" lon="-2.1914572780049073"><time>2026-08-24T21:12:16.000Z</time></trkpt><trkpt lat="42.01624037253815" lon="-2.1914668444914573"><time>2026-08-24T21:12:17.000Z</time></trkpt><trkpt lat="42.016228328942155" lon="-2.1914760735617826"><time>2026-08-24T21:12:18.000Z</time></trkpt><trkpt lat="42.01621643656049" lon="-2.1914849583568885"><time>2026-08-24T21:12:19.000Z</time></trkpt><trkpt lat="42.01620417438064" lon="-2.1914934178365604"><time>2026-08-24T21:12:20.000Z</time></trkpt><trkpt lat="42.01619186490592" lon="-2.191501809821628"><time>2026-08-24T21:12:21.000Z</time></trkpt><trkpt lat="42.01618013663481" lon="-2.191510382139463"><time>2026-08-24T21:12:22.000Z</time></trkpt><trkpt lat="42.01616819458609" lon="-2.191518907701566"><time>2026-08-24T21:12:23.000Z</time></trkpt><trkpt lat="42.01615622840864" lon="-2.1915271765836946"><time>2026-08-24T21:12:24.000Z</time></trkpt><trkpt lat="42.0161448089137" lon="-2.191535808491131"><time>2026-08-24T21:12:25.000Z</time></trkpt><trkpt lat="42.016134101014494" lon="-2.191544859042109"><time>2026-08-24T21:12:26.000Z</time></trkpt><trkpt lat="42.01612359168494" lon="-2.1915541444064894"><time>2026-08-24T21:12:27.000Z</time></trkpt><trkpt lat="42.016113533768284" lon="-2.1915634669369544"><time>2026-08-24T21:12:28.000Z</time></trkpt><trkpt lat="42.016103483845036" lon="-2.1915724650595636"><time>2026-08-24T21:12:29.000Z</time></trkpt><trkpt lat="42.0160927686637" lon="-2.191580909100714"><time>2026-08-24T21:12:30.000Z</time></trkpt><trkpt lat="42.01608168595234" lon="-2.191588714387345"><time>2026-08-24T21:12:31.000Z</time></trkpt><trkpt lat="42.01606991588661" lon="-2.1915957138267976"><time>2026-08-24T21:12:32.000Z</time></trkpt><trkpt lat="42.0160579045837" lon="-2.191602125637989"><time>2026-08-24T21:12:33.000Z</time></trkpt><trkpt lat="42.01604537712133" lon="-2.1916080233099535"><time>2026-08-24T21:12:34.000Z</time></trkpt><trkpt lat="42.01603326574688" lon="-2.191613656100236"><time>2026-08-24T21:12:35.000Z</time></trkpt><trkpt lat="42.01602141137602" lon="-2.1916190688565775"><time>2026-08-24T21:12:36.000Z</time></trkpt><trkpt lat="42.01600971550652" lon="-2.191624247088469"><time>2026-08-24T21:12:37.000Z</time></trkpt><trkpt lat="42.01599860683906" lon="-2.1916293679324115"><time>2026-08-24T21:12:38.000Z</time></trkpt><trkpt lat="42.015987696949786" lon="-2.1916341444968164"><time>2026-08-24T21:12:39.000Z</time></trkpt><trkpt lat="42.01597631074929" lon="-2.1916385028179173"><time>2026-08-24T21:12:40.000Z</time></trkpt><trkpt lat="42.01596423134706" lon="-2.1916427721225005"><time>2026-08-24T21:12:41.000Z</time></trkpt><trkpt lat="42.01595145839177" lon="-2.1916470688216068"><time>2026-08-24T21:12:42.000Z</time></trkpt><trkpt lat="42.015938080755184" lon="-2.1916510701331755"><time>2026-08-24T21:12:43.000Z</time></trkpt><trkpt lat="42.01592470225823" lon="-2.1916550176446337"><time>2026-08-24T21:12:44.000Z</time></trkpt><trkpt lat="42.015911571684924" lon="-2.191659354362203"><time>2026-08-24T21:12:45.000Z</time></trkpt><trkpt lat="42.01589827006157" lon="-2.191664029172622"><time>2026-08-24T21:12:46.000Z</time></trkpt><trkpt lat="42.015885626016086" lon="-2.1916686410247386"><time>2026-08-24T21:12:47.000Z</time></trkpt><trkpt lat="42.015873406795336" lon="-2.191672941030926"><time>2026-08-24T21:12:48.000Z</time></trkpt><trkpt lat="42.0158614620182" lon="-2.1916767443132588"><time>2026-08-24T21:12:49.000Z</time></trkpt><trkpt lat="42.015849694528306" lon="-2.1916797936812866"><time>2026-08-24T21:12:50.000Z</time></trkpt><trkpt lat="42.015837551948245" lon="-2.191682569589785"><time>2026-08-24T21:12:51.000Z</time></trkpt><trkpt lat="42.01582534454346" lon="-2.1916850601988584"><time>2026-08-24T21:12:52.000Z</time></trkpt><trkpt lat="42.015812718801136" lon="-2.191687205448202"><time>2026-08-24T21:12:53.000Z</time></trkpt><trkpt lat="42.01580007243653" lon="-2.191688657721413"><time>2026-08-24T21:12:54.000Z</time></trkpt><trkpt lat="42.015787082278244" lon="-2.19169000541484"><time>2026-08-24T21:12:55.000Z</time></trkpt><trkpt lat="42.015773169748314" lon="-2.191691228866405"><time>2026-08-24T21:12:56.000Z</time></trkpt><trkpt lat="42.01575919417528" lon="-2.1916927337334906"><time>2026-08-24T21:12:57.000Z</time></trkpt><trkpt lat="42.01574551755078" lon="-2.191694589758751"><time>2026-08-24T21:12:58.000Z</time></trkpt><trkpt lat="42.01573225058545" lon="-2.1916968417952454"><time>2026-08-24T21:12:59.000Z</time></trkpt><trkpt lat="42.015719386294485" lon="-2.1916998246954797"><time>2026-08-24T21:13:00.000Z</time></trkpt><trkpt lat="42.01570687011866" lon="-2.1917031847490005"><time>2026-08-24T21:13:01.000Z</time></trkpt><trkpt lat="42.01569463490863" lon="-2.1917066972783306"><time>2026-08-24T21:13:02.000Z</time></trkpt><trkpt lat="42.015682616948496" lon="-2.191709791173798"><time>2026-08-24T21:13:03.000Z</time></trkpt><trkpt lat="42.01567027250364" lon="-2.191712346165745"><time>2026-08-24T21:13:04.000Z</time></trkpt><trkpt lat="42.01565790916044" lon="-2.1917147490985305"><time>2026-08-24T21:13:05.000Z</time></trkpt><trkpt lat="42.01564516640817" lon="-2.1917170870021345"><time>2026-08-24T21:13:06.000Z</time></trkpt><trkpt lat="42.015631944473085" lon="-2.191719587668784"><time>2026-08-24T21:13:07.000Z</time></trkpt><trkpt lat="42.01561875337803" lon="-2.1917221710172043"><time>2026-08-24T21:13:08.000Z</time></trkpt><trkpt lat="42.015605309598534" lon="-2.1917250076598234"><time>2026-08-24T21:13:09.000Z</time></trkpt><trkpt lat="42.01559201841205" lon="-2.191727706941309"><time>2026-08-24T21:13:10.000Z</time></trkpt><trkpt lat="42.01557853752964" lon="-2.1917304010128347"><time>2026-08-24T21:13:11.000Z</time></trkpt><trkpt lat="42.015565239943115" lon="-2.1917337263799612"><time>2026-08-24T21:13:12.000Z</time></trkpt><trkpt lat="42.01555176612657" lon="-2.1917377111477516"><time>2026-08-24T21:13:13.000Z</time></trkpt><trkpt lat="42.01553799063411" lon="-2.1917418232477752"><time>2026-08-24T21:13:14.000Z</time></trkpt><trkpt lat="42.01552390052257" lon="-2.191745919015601"><time>2026-08-24T21:13:15.000Z</time></trkpt><trkpt lat="42.01550904123179" lon="-2.191750186186948"><time>2026-08-24T21:13:16.000Z</time></trkpt><trkpt lat="42.015493324281735" lon="-2.1917549554842366"><time>2026-08-24T21:13:17.000Z</time></trkpt><trkpt lat="42.01547682331264" lon="-2.1917602986628837"><time>2026-08-24T21:13:18.000Z</time></trkpt><trkpt lat="42.015460158890285" lon="-2.1917657126074035"><time>2026-08-24T21:13:19.000Z</time></trkpt><trkpt lat="42.015443117952714" lon="-2.191771042236697"><time>2026-08-24T21:13:20.000Z</time></trkpt><trkpt lat="42.015425661079064" lon="-2.1917767853168733"><time>2026-08-24T21:13:21.000Z</time></trkpt><trkpt lat="42.015408315029894" lon="-2.1917831243794845"><time>2026-08-24T21:13:22.000Z</time></trkpt><trkpt lat="42.015390792908" lon="-2.191789721496367"><time>2026-08-24T21:13:23.000Z</time></trkpt><trkpt lat="42.01537348876883" lon="-2.191796373775895"><time>2026-08-24T21:13:24.000Z</time></trkpt><trkpt lat="42.0153565369198" lon="-2.1918029905804897"><time>2026-08-24T21:13:25.000Z</time></trkpt><trkpt lat="42.015339457846665" lon="-2.1918094167330717"><time>2026-08-24T21:13:26.000Z</time></trkpt><trkpt lat="42.0153225600091" lon="-2.1918153373904703"><time>2026-08-24T21:13:27.000Z</time></trkpt><trkpt lat="42.01530594717979" lon="-2.1918206877693094"><time>2026-08-24T21:13:28.000Z</time></trkpt><trkpt lat="42.01528913590478" lon="-2.1918253919813693"><time>2026-08-24T21:13:29.000Z</time></trkpt><trkpt lat="42.01527244216243" lon="-2.191829777113852"><time>2026-08-24T21:13:30.000Z</time></trkpt><trkpt lat="42.015255491387414" lon="-2.1918341718288743"><time>2026-08-24T21:13:31.000Z</time></trkpt><trkpt lat="42.01523865192161" lon="-2.1918384654452407"><time>2026-08-24T21:13:32.000Z</time></trkpt><trkpt lat="42.015221571563494" lon="-2.1918423805512948"><time>2026-08-24T21:13:33.000Z</time></trkpt><trkpt lat="42.01520413618291" lon="-2.1918457596789"><time>2026-08-24T21:13:34.000Z</time></trkpt><trkpt lat="42.01518683395446" lon="-2.191848484366794"><time>2026-08-24T21:13:35.000Z</time></trkpt><trkpt lat="42.015169359224224" lon="-2.1918506510263525"><time>2026-08-24T21:13:36.000Z</time></trkpt><trkpt lat="42.01515160825409" lon="-2.191852554589069"><time>2026-08-24T21:13:37.000Z</time></trkpt><trkpt lat="42.01513357377619" lon="-2.1918546868929494"><time>2026-08-24T21:13:38.000Z</time></trkpt><trkpt lat="42.0151157787958" lon="-2.1918574353393496"><time>2026-08-24T21:13:39.000Z</time></trkpt><trkpt lat="42.01509791835418" lon="-2.191860666187462"><time>2026-08-24T21:13:40.000Z</time></trkpt><trkpt lat="42.0150803648716" lon="-2.1918637422315492"><time>2026-08-24T21:13:41.000Z</time></trkpt><trkpt lat="42.01506274271481" lon="-2.1918675531424587"><time>2026-08-24T21:13:42.000Z</time></trkpt><trkpt lat="42.015045395610365" lon="-2.191871758983995"><time>2026-08-24T21:13:43.000Z</time></trkpt><trkpt lat="42.01502794020314" lon="-2.191875771261722"><time>2026-08-24T21:13:44.000Z</time></trkpt><trkpt lat="42.01501072212584" lon="-2.1918801068735556"><time>2026-08-24T21:13:45.000Z</time></trkpt><trkpt lat="42.01499385326059" lon="-2.1918846311892155"><time>2026-08-24T21:13:46.000Z</time></trkpt><trkpt lat="42.01497684525273" lon="-2.191889325744939"><time>2026-08-24T21:13:47.000Z</time></trkpt><trkpt lat="42.0149600044509" lon="-2.19189425288867"><time>2026-08-24T21:13:48.000Z</time></trkpt><trkpt lat="42.0149429459484" lon="-2.1918992554417334"><time>2026-08-24T21:13:49.000Z</time></trkpt><trkpt lat="42.01492602878" lon="-2.1919043201953636"><time>2026-08-24T21:13:50.000Z</time></trkpt><trkpt lat="42.014908893057566" lon="-2.191909494927729"><time>2026-08-24T21:13:51.000Z</time></trkpt><trkpt lat="42.01489190822884" lon="-2.1919148158005317"><time>2026-08-24T21:13:52.000Z</time></trkpt><trkpt lat="42.01487471746714" lon="-2.191919728137517"><time>2026-08-24T21:13:53.000Z</time></trkpt><trkpt lat="42.014857689861124" lon="-2.1919245455500787"><time>2026-08-24T21:13:54.000Z</time></trkpt><trkpt lat="42.01484095647305" lon="-2.1919293481759254"><time>2026-08-24T21:13:55.000Z</time></trkpt><trkpt lat="42.01482404390566" lon="-2.1919339873123085"><time>2026-08-24T21:13:56.000Z</time></trkpt><trkpt lat="42.014807269806205" lon="-2.191938422702102"><time>2026-08-24T21:13:57.000Z</time></trkpt><trkpt lat="42.01479074722025" lon="-2.1919429393226193"><time>2026-08-24T21:13:58.000Z</time></trkpt><trkpt lat="42.01477449042237" lon="-2.1919474911078614"><time>2026-08-24T21:13:59.000Z</time></trkpt><trkpt lat="42.01475798156717" lon="-2.191952146374966"><time>2026-08-24T21:14:00.000Z</time></trkpt><trkpt lat="42.01474152935047" lon="-2.1919571341821142"><time>2026-08-24T21:14:01.000Z</time></trkpt><trkpt lat="42.01472525363401" lon="-2.1919623225781097"><time>2026-08-24T21:14:02.000Z</time></trkpt><trkpt lat="42.01470918112734" lon="-2.191967662076439"><time>2026-08-24T21:14:03.000Z</time></trkpt><trkpt lat="42.01469329674865" lon="-2.191973051701822"><time>2026-08-24T21:14:04.000Z</time></trkpt><trkpt lat="42.01467708053021" lon="-2.19197844343554"><time>2026-08-24T21:14:05.000Z</time></trkpt><trkpt lat="42.0146608505337" lon="-2.191983572425972"><time>2026-08-24T21:14:06.000Z</time></trkpt><trkpt lat="42.01464522912654" lon="-2.1919884857237464"><time>2026-08-24T21:14:07.000Z</time></trkpt><trkpt lat="42.014629904898264" lon="-2.191993291591034"><time>2026-08-24T21:14:08.000Z</time></trkpt><trkpt lat="42.01461471145718" lon="-2.191997956600357"><time>2026-08-24T21:14:09.000Z</time></trkpt><trkpt lat="42.01460005310192" lon="-2.1920020260541153"><time>2026-08-24T21:14:10.000Z</time></trkpt><trkpt lat="42.01458553804809" lon="-2.192005848141286"><time>2026-08-24T21:14:11.000Z</time></trkpt><trkpt lat="42.014570986553274" lon="-2.1920096286074915"><time>2026-08-24T21:14:12.000Z</time></trkpt><trkpt lat="42.0145563292707" lon="-2.1920133351249724"><time>2026-08-24T21:14:13.000Z</time></trkpt><trkpt lat="42.01454155121875" lon="-2.1920168414686323"><time>2026-08-24T21:14:14.000Z</time></trkpt><trkpt lat="42.01452666172806" lon="-2.1920202131487647"><time>2026-08-24T21:14:15.000Z</time></trkpt><trkpt lat="42.014512168554916" lon="-2.192023372025899"><time>2026-08-24T21:14:16.000Z</time></trkpt><trkpt lat="42.01449774033291" lon="-2.192026374433864"><time>2026-08-24T21:14:17.000Z</time></trkpt><trkpt lat="42.0144827426473" lon="-2.1920291718534006"><time>2026-08-24T21:14:18.000Z</time></trkpt><trkpt lat="42.01446796653598" lon="-2.192031281001994"><time>2026-08-24T21:14:19.000Z</time></trkpt><trkpt lat="42.01445321972538" lon="-2.192032927793624"><time>2026-08-24T21:14:20.000Z</time></trkpt><trkpt lat="42.014438419270135" lon="-2.1920345400159893"><time>2026-08-24T21:14:21.000Z</time></trkpt><trkpt lat="42.01442402750641" lon="-2.192035716870633"><time>2026-08-24T21:14:22.000Z</time></trkpt><trkpt lat="42.01440969277408" lon="-2.192036257372182"><time>2026-08-24T21:14:23.000Z</time></trkpt><trkpt lat="42.014394773317285" lon="-2.1920361604231138"><time>2026-08-24T21:14:24.000Z</time></trkpt><trkpt lat="42.01438005910929" lon="-2.1920355073872533"><time>2026-08-24T21:14:25.000Z</time></trkpt><trkpt lat="42.01436535953344" lon="-2.1920344337464988"><time>2026-08-24T21:14:26.000Z</time></trkpt><trkpt lat="42.01435059420943" lon="-2.192033110482143"><time>2026-08-24T21:14:27.000Z</time></trkpt><trkpt lat="42.01433622808326" lon="-2.1920318542534405"><time>2026-08-24T21:14:28.000Z</time></trkpt><trkpt lat="42.01432191178814" lon="-2.1920307868673077"><time>2026-08-24T21:14:29.000Z</time></trkpt><trkpt lat="42.01430749504743" lon="-2.192029842448245"><time>2026-08-24T21:14:30.000Z</time></trkpt><trkpt lat="42.01429292886426" lon="-2.192028794479907"><time>2026-08-24T21:14:31.000Z</time></trkpt><trkpt lat="42.014278212240775" lon="-2.192027624167028"><time>2026-08-24T21:14:32.000Z</time></trkpt><trkpt lat="42.01426336407482" lon="-2.1920260946665175"><time>2026-08-24T21:14:33.000Z</time></trkpt><trkpt lat="42.01424889864306" lon="-2.192024276942338"><time>2026-08-24T21:14:34.000Z</time></trkpt><trkpt lat="42.01423448900779" lon="-2.1920224208168677"><time>2026-08-24T21:14:35.000Z</time></trkpt><trkpt lat="42.014220482974395" lon="-2.1920202974967404"><time>2026-08-24T21:14:36.000Z</time></trkpt><trkpt lat="42.014206971979036" lon="-2.1920180000545666"><time>2026-08-24T21:14:37.000Z</time></trkpt><trkpt lat="42.01419344053017" lon="-2.192016078779671"><time>2026-08-24T21:14:38.000Z</time></trkpt><trkpt lat="42.014179678956374" lon="-2.192014436613074"><time>2026-08-24T21:14:39.000Z</time></trkpt><trkpt lat="42.01416563044414" lon="-2.1920130589608515"><time>2026-08-24T21:14:40.000Z</time></trkpt><trkpt lat="42.01415179803451" lon="-2.1920119364633823"><time>2026-08-24T21:14:41.000Z</time></trkpt><trkpt lat="42.0141378715495" lon="-2.1920110019166725"><time>2026-08-24T21:14:42.000Z</time></trkpt><trkpt lat="42.0141237353219" lon="-2.1920095609067443"><time>2026-08-24T21:14:43.000Z</time></trkpt><trkpt lat="42.01410936863624" lon="-2.192007576058533"><time>2026-08-24T21:14:44.000Z</time></trkpt><trkpt lat="42.01409479254015" lon="-2.192005438387863"><time>2026-08-24T21:14:45.000Z</time></trkpt><trkpt lat="42.01408053218987" lon="-2.1920032673412924"><time>2026-08-24T21:14:46.000Z</time></trkpt><trkpt lat="42.01406627372614" lon="-2.19200074918668"><time>2026-08-24T21:14:47.000Z</time></trkpt><trkpt lat="42.0140518876491" lon="-2.191998319480742"><time>2026-08-24T21:14:48.000Z</time></trkpt><trkpt lat="42.01403733700539" lon="-2.1919959932446873"><time>2026-08-24T21:14:49.000Z</time></trkpt><trkpt lat="42.01402262769825" lon="-2.1919936715825563"><time>2026-08-24T21:14:50.000Z</time></trkpt><trkpt lat="42.014008272133665" lon="-2.1919918333899213"><time>2026-08-24T21:14:51.000Z</time></trkpt><trkpt lat="42.01399345671395" lon="-2.19199052203738"><time>2026-08-24T21:14:52.000Z</time></trkpt><trkpt lat="42.01397888461538" lon="-2.1919892287573073"><time>2026-08-24T21:14:53.000Z</time></trkpt><trkpt lat="42.013964324588905" lon="-2.1919879253066368"><time>2026-08-24T21:14:54.000Z</time></trkpt><trkpt lat="42.013950169459605" lon="-2.1919863259533403"><time>2026-08-24T21:14:55.000Z</time></trkpt><trkpt lat="42.013936039427406" lon="-2.1919842592001024"><time>2026-08-24T21:14:56.000Z</time></trkpt><trkpt lat="42.01392226446742" lon="-2.1919818368113404"><time>2026-08-24T21:14:57.000Z</time></trkpt><trkpt lat="42.013908445290795" lon="-2.1919792728633034"><time>2026-08-24T21:14:58.000Z</time></trkpt><trkpt lat="42.01389442313221" lon="-2.191976918493958"><time>2026-08-24T21:14:59.000Z</time></trkpt><trkpt lat="42.01388015865923" lon="-2.191974432404565"><time>2026-08-24T21:15:00.000Z</time></trkpt><trkpt lat="42.01386615638475" lon="-2.19197184394631"><time>2026-08-24T21:15:01.000Z</time></trkpt><trkpt lat="42.01385259043124" lon="-2.1919689947418957"><time>2026-08-24T21:15:02.000Z</time></trkpt><trkpt lat="42.013838986896374" lon="-2.1919657000293262"><time>2026-08-24T21:15:03.000Z</time></trkpt><trkpt lat="42.0138256450455" lon="-2.191962277505048"><time>2026-08-24T21:15:04.000Z</time></trkpt><trkpt lat="42.0138121649287" lon="-2.1919585072035277"><time>2026-08-24T21:15:05.000Z</time></trkpt><trkpt lat="42.01379888919012" lon="-2.1919547103802697"><time>2026-08-24T21:15:06.000Z</time></trkpt><trkpt lat="42.01378544309977" lon="-2.191951083944356"><time>2026-08-24T21:15:07.000Z</time></trkpt><trkpt lat="42.01377218380637" lon="-2.1919479013252006"><time>2026-08-24T21:15:08.000Z</time></trkpt><trkpt lat="42.013758744809934" lon="-2.191945218166946"><time>2026-08-24T21:15:09.000Z</time></trkpt><trkpt lat="42.01374548784879" lon="-2.1919429014786638"><time>2026-08-24T21:15:10.000Z</time></trkpt><trkpt lat="42.01373253853488" lon="-2.191940635249743"><time>2026-08-24T21:15:11.000Z</time></trkpt><trkpt lat="42.01372039872397" lon="-2.1919377014474826"><time>2026-08-24T21:15:12.000Z</time></trkpt><trkpt lat="42.01370868158788" lon="-2.191934104248746"><time>2026-08-24T21:15:13.000Z</time></trkpt><trkpt lat="42.0136971735682" lon="-2.191930052922293"><time>2026-08-24T21:15:14.000Z</time></trkpt><trkpt lat="42.01368527026405" lon="-2.191926028545882"><time>2026-08-24T21:15:15.000Z</time></trkpt><trkpt lat="42.01367326310779" lon="-2.191922195183717"><time>2026-08-24T21:15:16.000Z</time></trkpt><trkpt lat="42.01366128545024" lon="-2.1919187794905004"><time>2026-08-24T21:15:17.000Z</time></trkpt><trkpt lat="42.0136493884236" lon="-2.191915943605674"><time>2026-08-24T21:15:18.000Z</time></trkpt><trkpt lat="42.013637582736955" lon="-2.1919134656814925"><time>2026-08-24T21:15:19.000Z</time></trkpt><trkpt lat="42.0136253714667" lon="-2.191911269611277"><time>2026-08-24T21:15:20.000Z</time></trkpt><trkpt lat="42.013613091629786" lon="-2.1919089512689283"><time>2026-08-24T21:15:21.000Z</time></trkpt><trkpt lat="42.01360089082145" lon="-2.191906084509313"><time>2026-08-24T21:15:22.000Z</time></trkpt><trkpt lat="42.01358881968315" lon="-2.1919027478241615"><time>2026-08-24T21:15:23.000Z</time></trkpt><trkpt lat="42.013576392817136" lon="-2.191899125655209"><time>2026-08-24T21:15:24.000Z</time></trkpt><trkpt lat="42.013563945588174" lon="-2.1918955754084357"><time>2026-08-24T21:15:25.000Z</time></trkpt><trkpt lat="42.01355161872421" lon="-2.1918921738431116"><time>2026-08-24T21:15:26.000Z</time></trkpt><trkpt lat="42.01353945473303" lon="-2.1918886886829165"><time>2026-08-24T21:15:27.000Z</time></trkpt><trkpt lat="42.01352745021629" lon="-2.191885004397327"><time>2026-08-24T21:15:28.000Z</time></trkpt><trkpt lat="42.01351558330614" lon="-2.191881221367119"><time>2026-08-24T21:15:29.000Z</time></trkpt><trkpt lat="42.013503337724444" lon="-2.191877363005501"><time>2026-08-24T21:15:30.000Z</time></trkpt><trkpt lat="42.0134910390632" lon="-2.191873540425478"><time>2026-08-24T21:15:31.000Z</time></trkpt><trkpt lat="42.0134783386141" lon="-2.191869886596567"><time>2026-08-24T21:15:32.000Z</time></trkpt><trkpt lat="42.01346563394692" lon="-2.191866373419772"><time>2026-08-24T21:15:33.000Z</time></trkpt><trkpt lat="42.01345259972492" lon="-2.191863093673159"><time>2026-08-24T21:15:34.000Z</time></trkpt><trkpt lat="42.01343963387205" lon="-2.1918596883974546"><time>2026-08-24T21:15:35.000Z</time></trkpt><trkpt lat="42.01342640188099" lon="-2.1918561482753827"><time>2026-08-24T21:15:36.000Z</time></trkpt><trkpt lat="42.01341280014889" lon="-2.191852547978433"><time>2026-08-24T21:15:37.000Z</time></trkpt><trkpt lat="42.013399323074964" lon="-2.1918488953815065"><time>2026-08-24T21:15:38.000Z</time></trkpt><trkpt lat="42.01338615826961" lon="-2.191845200440372"><time>2026-08-24T21:15:39.000Z</time></trkpt><trkpt lat="42.01337334291785" lon="-2.1918415032906267"><time>2026-08-24T21:15:40.000Z</time></trkpt><trkpt lat="42.01336084748187" lon="-2.1918378207449187"><time>2026-08-24T21:15:41.000Z</time></trkpt><trkpt lat="42.013348618736316" lon="-2.1918338212455515"><time>2026-08-24T21:15:42.000Z</time></trkpt><trkpt lat="42.013336600531886" lon="-2.19182965373184"><time>2026-08-24T21:15:43.000Z</time></trkpt><trkpt lat="42.01332474272181" lon="-2.1918254011063487"><time>2026-08-24T21:15:44.000Z</time></trkpt><trkpt lat="42.013313004067584" lon="-2.191820955431767"><time>2026-08-24T21:15:45.000Z</time></trkpt><trkpt lat="42.01330086268174" lon="-2.1918163582347967"><time>2026-08-24T21:15:46.000Z</time></trkpt><trkpt lat="42.013288644934214" lon="-2.1918119214711616"><time>2026-08-24T21:15:47.000Z</time></trkpt><trkpt lat="42.013276495035946" lon="-2.191807569419273"><time>2026-08-24T21:15:48.000Z</time></trkpt><trkpt lat="42.01326446366946" lon="-2.19180341302515"><time>2026-08-24T21:15:49.000Z</time></trkpt><trkpt lat="42.01325255649412" lon="-2.1917994422670213"><time>2026-08-24T21:15:50.000Z</time></trkpt><trkpt lat="42.013240270290304" lon="-2.1917958127954704"><time>2026-08-24T21:15:51.000Z</time></trkpt><trkpt lat="42.01322793607372" lon="-2.1917925755096466"><time>2026-08-24T21:15:52.000Z</time></trkpt><trkpt lat="42.01321520671942" lon="-2.1917897010350718"><time>2026-08-24T21:15:53.000Z</time></trkpt><trkpt lat="42.01320247959574" lon="-2.1917870389060914"><time>2026-08-24T21:15:54.000Z</time></trkpt><trkpt lat="42.0131899180659" lon="-2.1917844080997044"><time>2026-08-24T21:15:55.000Z</time></trkpt><trkpt lat="42.013177568154596" lon="-2.191781638242404"><time>2026-08-24T21:15:56.000Z</time></trkpt><trkpt lat="42.013164932044816" lon="-2.191778707616336"><time>2026-08-24T21:15:57.000Z</time></trkpt><trkpt lat="42.013152331062656" lon="-2.1917761175224117"><time>2026-08-24T21:15:58.000Z</time></trkpt><trkpt lat="42.01313989303235" lon="-2.191774000105614"><time>2026-08-24T21:15:59.000Z</time></trkpt><trkpt lat="42.01312716007094" lon="-2.191772012512959"><time>2026-08-24T21:16:00.000Z</time></trkpt><trkpt lat="42.013114471071525" lon="-2.1917699662827594"><time>2026-08-24T21:16:01.000Z</time></trkpt><trkpt lat="42.01310195995914" lon="-2.1917678831282386"><time>2026-08-24T21:16:02.000Z</time></trkpt><trkpt lat="42.01308965905703" lon="-2.1917656543281523"><time>2026-08-24T21:16:03.000Z</time></trkpt><trkpt lat="42.01307755469684" lon="-2.191763621008818"><time>2026-08-24T21:16:04.000Z</time></trkpt><trkpt lat="42.01306561602362" lon="-2.191762020970426"><time>2026-08-24T21:16:05.000Z</time></trkpt><trkpt lat="42.01305380906458" lon="-2.191760712932089"><time>2026-08-24T21:16:06.000Z</time></trkpt><trkpt lat="42.0130421029233" lon="-2.1917594176278787"><time>2026-08-24T21:16:07.000Z</time></trkpt><trkpt lat="42.01302998232517" lon="-2.1917579572110406"><time>2026-08-24T21:16:08.000Z</time></trkpt><trkpt lat="42.01301777786846" lon="-2.1917563408316334"><time>2026-08-24T21:16:09.000Z</time></trkpt><trkpt lat="42.013005636467675" lon="-2.19175437807087"><time>2026-08-24T21:16:10.000Z</time></trkpt><trkpt lat="42.01299361053397" lon="-2.191752371572768"><time>2026-08-24T21:16:11.000Z</time></trkpt><trkpt lat="42.01298170683199" lon="-2.1917504515898463"><time>2026-08-24T21:16:12.000Z</time></trkpt><trkpt lat="42.012969422848755" lon="-2.191748660660344"><time>2026-08-24T21:16:13.000Z</time></trkpt><trkpt lat="42.01295709005182" lon="-2.191746846735797"><time>2026-08-24T21:16:14.000Z</time></trkpt><trkpt lat="42.012944851215735" lon="-2.1917448889476283"><time>2026-08-24T21:16:15.000Z</time></trkpt><trkpt lat="42.012932263469466" lon="-2.191742908986125"><time>2026-08-24T21:16:16.000Z</time></trkpt><trkpt lat="42.012919678816665" lon="-2.191740255998054"><time>2026-08-24T21:16:17.000Z</time></trkpt><trkpt lat="42.012907241827136" lon="-2.1917368095236185"><time>2026-08-24T21:16:18.000Z</time></trkpt><trkpt lat="42.012894993087194" lon="-2.191733172608177"><time>2026-08-24T21:16:19.000Z</time></trkpt><trkpt lat="42.01288243553946" lon="-2.191729342642759"><time>2026-08-24T21:16:20.000Z</time></trkpt><trkpt lat="42.01286989372476" lon="-2.1917256493372137"><time>2026-08-24T21:16:21.000Z</time></trkpt><trkpt lat="42.01285749928052" lon="-2.1917225169436"><time>2026-08-24T21:16:22.000Z</time></trkpt><trkpt lat="42.01284479789403" lon="-2.1917202317948483"><time>2026-08-24T21:16:23.000Z</time></trkpt><trkpt lat="42.01283213147036" lon="-2.1917187418684856"><time>2026-08-24T21:16:24.000Z</time></trkpt><trkpt lat="42.012819636329986" lon="-2.191717678869023"><time>2026-08-24T21:16:25.000Z</time></trkpt><trkpt lat="42.01280685701966" lon="-2.1917169587273295"><time>2026-08-24T21:16:26.000Z</time></trkpt><trkpt lat="42.01279413205195" lon="-2.1917165640169864"><time>2026-08-24T21:16:27.000Z</time></trkpt><trkpt lat="42.012781593862826" lon="-2.191716200987282"><time>2026-08-24T21:16:28.000Z</time></trkpt><trkpt lat="42.012769273021085" lon="-2.191715622193061"><time>2026-08-24T21:16:29.000Z</time></trkpt><trkpt lat="42.01275666460916" lon="-2.191714722820542"><time>2026-08-24T21:16:30.000Z</time></trkpt><trkpt lat="42.01274408720496" lon="-2.191713653852972"><time>2026-08-24T21:16:31.000Z</time></trkpt><trkpt lat="42.01273166802971" lon="-2.191712468636892"><time>2026-08-24T21:16:32.000Z</time></trkpt><trkpt lat="42.012718949558284" lon="-2.19171123466317"><time>2026-08-24T21:16:33.000Z</time></trkpt><trkpt lat="42.01270627139141" lon="-2.1917099553841024"><time>2026-08-24T21:16:34.000Z</time></trkpt><trkpt lat="42.01269327860434" lon="-2.1917087604389867"><time>2026-08-24T21:16:35.000Z</time></trkpt><trkpt lat="42.01268035501888" lon="-2.191707875997456"><time>2026-08-24T21:16:36.000Z</time></trkpt><trkpt lat="42.01266764982372" lon="-2.1917073247503787"><time>2026-08-24T21:16:37.000Z</time></trkpt><trkpt lat="42.01265519642968" lon="-2.1917067366703065"><time>2026-08-24T21:16:38.000Z</time></trkpt><trkpt lat="42.012642486667524" lon="-2.1917060558970474"><time>2026-08-24T21:16:39.000Z</time></trkpt><trkpt lat="42.012629833771314" lon="-2.191704965315905"><time>2026-08-24T21:16:40.000Z</time></trkpt><trkpt lat="42.01261735944261" lon="-2.1917035399300118"><time>2026-08-24T21:16:41.000Z</time></trkpt><trkpt lat="42.012604601272685" lon="-2.191701761797851"><time>2026-08-24T21:16:42.000Z</time></trkpt><trkpt lat="42.0125914052568" lon="-2.191699913610267"><time>2026-08-24T21:16:43.000Z</time></trkpt><trkpt lat="42.01257825377815" lon="-2.191698212582274"><time>2026-08-24T21:16:44.000Z</time></trkpt><trkpt lat="42.01256485017132" lon="-2.191696362074585"><time>2026-08-24T21:16:45.000Z</time></trkpt><trkpt lat="42.012551104619874" lon="-2.19169392249944"><time>2026-08-24T21:16:46.000Z</time></trkpt><trkpt lat="42.012537513633085" lon="-2.191690941429176"><time>2026-08-24T21:16:47.000Z</time></trkpt><trkpt lat="42.01252377224128" lon="-2.1916876609590643"><time>2026-08-24T21:16:48.000Z</time></trkpt><trkpt lat="42.01251026376266" lon="-2.1916841886188654"><time>2026-08-24T21:16:49.000Z</time></trkpt><trkpt lat="42.012497116166365" lon="-2.1916808381244643"><time>2026-08-24T21:16:50.000Z</time></trkpt><trkpt lat="42.01248433583568" lon="-2.1916779372404465"><time>2026-08-24T21:16:51.000Z</time></trkpt><trkpt lat="42.01247138865084" lon="-2.191675165435758"><time>2026-08-24T21:16:52.000Z</time></trkpt><trkpt lat="42.012458565669604" lon="-2.191672221134567"><time>2026-08-24T21:16:53.000Z</time></trkpt><trkpt lat="42.01244646042855" lon="-2.1916694306868467"><time>2026-08-24T21:16:54.000Z</time></trkpt><trkpt lat="42.012435225244964" lon="-2.1916666333415646"><time>2026-08-24T21:16:55.000Z</time></trkpt><trkpt lat="42.012424321567" lon="-2.19166345777474"><time>2026-08-24T21:16:56.000Z</time></trkpt><trkpt lat="42.01241397466344" lon="-2.191660075012911"><time>2026-08-24T21:16:57.000Z</time></trkpt><trkpt lat="42.01240371623568" lon="-2.1916562760770373"><time>2026-08-24T21:16:58.000Z</time></trkpt><trkpt lat="42.01239383167765" lon="-2.1916521201198806"><time>2026-08-24T21:16:59.000Z</time></trkpt><trkpt lat="42.01238439053846" lon="-2.1916475549230077"><time>2026-08-24T21:17:00.000Z</time></trkpt><trkpt lat="42.01237536454862" lon="-2.191642764509743"><time>2026-08-24T21:17:01.000Z</time></trkpt><trkpt lat="42.012366688782016" lon="-2.1916377311705557"><time>2026-08-24T21:17:02.000Z</time></trkpt><trkpt lat="42.01235780193868" lon="-2.191633152005846"><time>2026-08-24T21:17:03.000Z</time></trkpt><trkpt lat="42.012348989558554" lon="-2.1916287356009163"><time>2026-08-24T21:17:04.000Z</time></trkpt><trkpt lat="42.01233987006865" lon="-2.1916248918634507"><time>2026-08-24T21:17:05.000Z</time></trkpt><trkpt lat="42.012330815352186" lon="-2.1916213488981366"><time>2026-08-24T21:17:06.000Z</time></trkpt><trkpt lat="42.012321480638875" lon="-2.1916177725217856"><time>2026-08-24T21:17:07.000Z</time></trkpt><trkpt lat="42.01231224948861" lon="-2.191613386780934"><time>2026-08-24T21:17:08.000Z</time></trkpt><trkpt lat="42.01230326657199" lon="-2.19160748638216"><time>2026-08-24T21:17:09.000Z</time></trkpt><trkpt lat="42.01229358038753" lon="-2.19160101568873"><time>2026-08-24T21:17:10.000Z</time></trkpt><trkpt lat="42.01228337894918" lon="-2.191594528619374"><time>2026-08-24T21:17:11.000Z</time></trkpt><trkpt lat="42.01227231620879" lon="-2.1915881635961325"><time>2026-08-24T21:17:12.000Z</time></trkpt><trkpt lat="42.01225987058837" lon="-2.1915821149647012"><time>2026-08-24T21:17:13.000Z</time></trkpt><trkpt lat="42.0122460047753" lon="-2.191576452755373"><time>2026-08-24T21:17:14.000Z</time></trkpt><trkpt lat="42.01223137529317" lon="-2.1915709420076195"><time>2026-08-24T21:17:15.000Z</time></trkpt><trkpt lat="42.012215860925444" lon="-2.191565588919651"><time>2026-08-24T21:17:16.000Z</time></trkpt><trkpt lat="42.01220001493546" lon="-2.1915605594126846"><time>2026-08-24T21:17:17.000Z</time></trkpt><trkpt lat="42.01218410773871" lon="-2.191556033290797"><time>2026-08-24T21:17:18.000Z</time></trkpt><trkpt lat="42.012168748167745" lon="-2.1915517139879537"><time>2026-08-24T21:17:19.000Z</time></trkpt><trkpt lat="42.012153627062546" lon="-2.191547269219478"><time>2026-08-24T21:17:20.000Z</time></trkpt><trkpt lat="42.01213858649398" lon="-2.1915426394441115"><time>2026-08-24T21:17:21.000Z</time></trkpt><trkpt lat="42.01212404069544" lon="-2.1915380074901143"><time>2026-08-24T21:17:22.000Z</time></trkpt><trkpt lat="42.01210960714844" lon="-2.191533479532549"><time>2026-08-24T21:17:23.000Z</time></trkpt><trkpt lat="42.0120951139118" lon="-2.1915290247487342"><time>2026-08-24T21:17:24.000Z</time></trkpt><trkpt lat="42.0120809874461" lon="-2.191524529251131"><time>2026-08-24T21:17:25.000Z</time></trkpt><trkpt lat="42.012066866696905" lon="-2.191519951362607"><time>2026-08-24T21:17:26.000Z</time></trkpt><trkpt lat="42.012053091846894" lon="-2.1915152844938777"><time>2026-08-24T21:17:27.000Z</time></trkpt><trkpt lat="42.01203975859898" lon="-2.1915105067510683"><time>2026-08-24T21:17:28.000Z</time></trkpt><trkpt lat="42.01202636007725" lon="-2.1915054703447523"><time>2026-08-24T21:17:29.000Z</time></trkpt><trkpt lat="42.01201318552171" lon="-2.1915001170087214"><time>2026-08-24T21:17:30.000Z</time></trkpt><trkpt lat="42.011999835694695" lon="-2.1914948918337487"><time>2026-08-24T21:17:31.000Z</time></trkpt><trkpt lat="42.01198616867266" lon="-2.1914900228751066"><time>2026-08-24T21:17:32.000Z</time></trkpt><trkpt lat="42.01197265632886" lon="-2.1914851911257704"><time>2026-08-24T21:17:33.000Z</time></trkpt><trkpt lat="42.01195898353311" lon="-2.1914801686302607"><time>2026-08-24T21:17:34.000Z</time></trkpt><trkpt lat="42.01194553070869" lon="-2.1914749165915546"><time>2026-08-24T21:17:35.000Z</time></trkpt><trkpt lat="42.01193242629357" lon="-2.191469601496585"><time>2026-08-24T21:17:36.000Z</time></trkpt><trkpt lat="42.01191918885439" lon="-2.1914641776007446"><time>2026-08-24T21:17:37.000Z</time></trkpt><trkpt lat="42.011905637194275" lon="-2.1914588848346144"><time>2026-08-24T21:17:38.000Z</time></trkpt><trkpt lat="42.0118922266307" lon="-2.1914537745786453"><time>2026-08-24T21:17:39.000Z</time></trkpt><trkpt lat="42.01187912656906" lon="-2.1914483855581626"><time>2026-08-24T21:17:40.000Z</time></trkpt><trkpt lat="42.01186587731308" lon="-2.191442655385867"><time>2026-08-24T21:17:41.000Z</time></trkpt><trkpt lat="42.01185279830398" lon="-2.191436540953579"><time>2026-08-24T21:17:42.000Z</time></trkpt><trkpt lat="42.011839999247385" lon="-2.191429890223121"><time>2026-08-24T21:17:43.000Z</time></trkpt><trkpt lat="42.01182699978163" lon="-2.191422740013821"><time>2026-08-24T21:17:44.000Z</time></trkpt><trkpt lat="42.011814117410594" lon="-2.191415322599779"><time>2026-08-24T21:17:45.000Z</time></trkpt><trkpt lat="42.011801467864025" lon="-2.1914081657431668"><time>2026-08-24T21:17:46.000Z</time></trkpt><trkpt lat="42.011788579310014" lon="-2.191401361549903"><time>2026-08-24T21:17:47.000Z</time></trkpt><trkpt lat="42.01177577771931" lon="-2.1913950556917885"><time>2026-08-24T21:17:48.000Z</time></trkpt><trkpt lat="42.0117626965653" lon="-2.191389182999439"><time>2026-08-24T21:17:49.000Z</time></trkpt><trkpt lat="42.01174971039226" lon="-2.1913837222390864"><time>2026-08-24T21:17:50.000Z</time></trkpt><trkpt lat="42.011736961259345" lon="-2.191378611795108"><time>2026-08-24T21:17:51.000Z</time></trkpt><trkpt lat="42.011723987636884" lon="-2.19137378132956"><time>2026-08-24T21:17:52.000Z</time></trkpt><trkpt lat="42.011711117875095" lon="-2.1913687069301684"><time>2026-08-24T21:17:53.000Z</time></trkpt><trkpt lat="42.011698473869174" lon="-2.1913632959429186"><time>2026-08-24T21:17:54.000Z</time></trkpt><trkpt lat="42.011686076844214" lon="-2.1913576146116664"><time>2026-08-24T21:17:55.000Z</time></trkpt><trkpt lat="42.011673903841775" lon="-2.191351816718076"><time>2026-08-24T21:17:56.000Z</time></trkpt><trkpt lat="42.01166191665386" lon="-2.19134619475981"><time>2026-08-24T21:17:57.000Z</time></trkpt><trkpt lat="42.011650075696124" lon="-2.191340632411481"><time>2026-08-24T21:17:58.000Z</time></trkpt><trkpt lat="42.011638345898" lon="-2.191334859910925"><time>2026-08-24T21:17:59.000Z</time></trkpt><trkpt lat="42.01162669854908" lon="-2.1913286401304886"><time>2026-08-24T21:18:00.000Z</time></trkpt><trkpt lat="42.01161511124324" lon="-2.1913222082267656"><time>2026-08-24T21:18:01.000Z</time></trkpt><trkpt lat="42.01160356704644" lon="-2.1913158106734403"><time>2026-08-24T21:18:02.000Z</time></trkpt><trkpt lat="42.011591563841094" lon="-2.1913095139671093"><time>2026-08-24T21:18:03.000Z</time></trkpt><trkpt lat="42.0115794433621" lon="-2.1913032407477395"><time>2026-08-24T21:18:04.000Z</time></trkpt><trkpt lat="42.01156736139918" lon="-2.1912969867420364"><time>2026-08-24T21:18:05.000Z</time></trkpt><trkpt lat="42.01155537716825" lon="-2.191290961928716"><time>2026-08-24T21:18:06.000Z</time></trkpt><trkpt lat="42.01154301290204" lon="-2.191285009162875"><time>2026-08-24T21:18:07.000Z</time></trkpt><trkpt lat="42.01153061022762" lon="-2.191279176882471"><time>2026-08-24T21:18:08.000Z</time></trkpt><trkpt lat="42.01151831476804" lon="-2.191273377769756"><time>2026-08-24T21:18:09.000Z</time></trkpt><trkpt lat="42.01150568312426" lon="-2.191267479805356"><time>2026-08-24T21:18:10.000Z</time></trkpt><trkpt lat="42.011493065449116" lon="-2.1912613495047633"><time>2026-08-24T21:18:11.000Z</time></trkpt><trkpt lat="42.011480604154364" lon="-2.1912549617146047"><time>2026-08-24T21:18:12.000Z</time></trkpt><trkpt lat="42.011468337818734" lon="-2.1912487369329066"><time>2026-08-24T21:18:13.000Z</time></trkpt><trkpt lat="42.0114557676969" lon="-2.1912426744095703"><time>2026-08-24T21:18:14.000Z</time></trkpt><trkpt lat="42.01144321699004" lon="-2.191236569406084"><time>2026-08-24T21:18:15.000Z</time></trkpt><trkpt lat="42.01143032670065" lon="-2.1912307408651914"><time>2026-08-24T21:18:16.000Z</time></trkpt><trkpt lat="42.01141748217712" lon="-2.191225284654595"><time>2026-08-24T21:18:17.000Z</time></trkpt><trkpt lat="42.0114048362448" lon="-2.1912201006657908"><time>2026-08-24T21:18:18.000Z</time></trkpt><trkpt lat="42.011392426353375" lon="-2.1912145619195567"><time>2026-08-24T21:18:19.000Z</time></trkpt><trkpt lat="42.01138023763038" lon="-2.1912085781401753"><time>2026-08-24T21:18:20.000Z</time></trkpt><trkpt lat="42.01136774595358" lon="-2.1912022610704174"><time>2026-08-24T21:18:21.000Z</time></trkpt><trkpt lat="42.01135526396626" lon="-2.191195668906334"><time>2026-08-24T21:18:22.000Z</time></trkpt><trkpt lat="42.0113429191817" lon="-2.191188738520285"><time>2026-08-24T21:18:23.000Z</time></trkpt><trkpt lat="42.01133025689376" lon="-2.1911816403277986"><time>2026-08-24T21:18:24.000Z</time></trkpt><trkpt lat="42.011317130590335" lon="-2.1911744660493744"><time>2026-08-24T21:18:25.000Z</time></trkpt><trkpt lat="42.011304029099186" lon="-2.191167171422097"><time>2026-08-24T21:18:26.000Z</time></trkpt><trkpt lat="42.01129115055126" lon="-2.1911595700596327"><time>2026-08-24T21:18:27.000Z</time></trkpt><trkpt lat="42.01127805831843" lon="-2.191151838775516"><time>2026-08-24T21:18:28.000Z</time></trkpt><trkpt lat="42.01126508961944" lon="-2.1911442200660227"><time>2026-08-24T21:18:29.000Z</time></trkpt><trkpt lat="42.01125187786622" lon="-2.1911366463471054"><time>2026-08-24T21:18:30.000Z</time></trkpt><trkpt lat="42.0112383032812" lon="-2.191129022809599"><time>2026-08-24T21:18:31.000Z</time></trkpt><trkpt lat="42.011224852715536" lon="-2.191121500406051"><time>2026-08-24T21:18:32.000Z</time></trkpt><trkpt lat="42.01121171075305" lon="-2.1911142201253546"><time>2026-08-24T21:18:33.000Z</time></trkpt><trkpt lat="42.011198424192166" lon="-2.1911068111467085"><time>2026-08-24T21:18:34.000Z</time></trkpt><trkpt lat="42.01118531455896" lon="-2.1910993208759098"><time>2026-08-24T21:18:35.000Z</time></trkpt><trkpt lat="42.01117200194956" lon="-2.191091595665989"><time>2026-08-24T21:18:36.000Z</time></trkpt><trkpt lat="42.01115884556921" lon="-2.191083571793418"><time>2026-08-24T21:18:37.000Z</time></trkpt><trkpt lat="42.01114597329884" lon="-2.1910753837502757"><time>2026-08-24T21:18:38.000Z</time></trkpt><trkpt lat="42.01113340133898" lon="-2.191067230398585"><time>2026-08-24T21:18:39.000Z</time></trkpt><trkpt lat="42.01112060820655" lon="-2.1910591891837625"><time>2026-08-24T21:18:40.000Z</time></trkpt><trkpt lat="42.0111078971352" lon="-2.1910511858058257"><time>2026-08-24T21:18:41.000Z</time></trkpt><trkpt lat="42.011095382474245" lon="-2.191043246010584"><time>2026-08-24T21:18:42.000Z</time></trkpt><trkpt lat="42.011083086107575" lon="-2.191035525243596"><time>2026-08-24T21:18:43.000Z</time></trkpt><trkpt lat="42.01107049941934" lon="-2.1910280900112458"><time>2026-08-24T21:18:44.000Z</time></trkpt><trkpt lat="42.011057939817526" lon="-2.1910208086524863"><time>2026-08-24T21:18:45.000Z</time></trkpt><trkpt lat="42.01104553454483" lon="-2.1910134541921473"><time>2026-08-24T21:18:46.000Z</time></trkpt><trkpt lat="42.0110328265855" lon="-2.1910060649394163"><time>2026-08-24T21:18:47.000Z</time></trkpt><trkpt lat="42.011020156185204" lon="-2.1909988141401637"><time>2026-08-24T21:18:48.000Z</time></trkpt><trkpt lat="42.01100765864781" lon="-2.19099215318115"><time>2026-08-24T21:18:49.000Z</time></trkpt><trkpt lat="42.01099487789866" lon="-2.19098533543481"><time>2026-08-24T21:18:50.000Z</time></trkpt><trkpt lat="42.010982152071406" lon="-2.1909783489444044"><time>2026-08-24T21:18:51.000Z</time></trkpt><trkpt lat="42.01096912376101" lon="-2.190971394047776"><time>2026-08-24T21:18:52.000Z</time></trkpt><trkpt lat="42.01095617421002" lon="-2.190964549195716"><time>2026-08-24T21:18:53.000Z</time></trkpt><trkpt lat="42.01094296070758" lon="-2.1909577101701685"><time>2026-08-24T21:18:54.000Z</time></trkpt><trkpt lat="42.0109298656023" lon="-2.190950863903501"><time>2026-08-24T21:18:55.000Z</time></trkpt><trkpt lat="42.010917031162" lon="-2.1909440671447418"><time>2026-08-24T21:18:56.000Z</time></trkpt><trkpt lat="42.01090399291074" lon="-2.1909373369107676"><time>2026-08-24T21:18:57.000Z</time></trkpt><trkpt lat="42.01089058572067" lon="-2.190930855275323"><time>2026-08-24T21:18:58.000Z</time></trkpt><trkpt lat="42.01087727854998" lon="-2.190924114503255"><time>2026-08-24T21:18:59.000Z</time></trkpt><trkpt lat="42.01086425169396" lon="-2.1909170305540826"><time>2026-08-24T21:19:00.000Z</time></trkpt><trkpt lat="42.01085105381564" lon="-2.1909097658667114"><time>2026-08-24T21:19:01.000Z</time></trkpt><trkpt lat="42.01083752098987" lon="-2.190902685942348"><time>2026-08-24T21:19:02.000Z</time></trkpt><trkpt lat="42.010823628696784" lon="-2.190896070595844"><time>2026-08-24T21:19:03.000Z</time></trkpt><trkpt lat="42.01080941297539" lon="-2.190889944835757"><time>2026-08-24T21:19:04.000Z</time></trkpt><trkpt lat="42.01079493017927" lon="-2.1908842867244336"><time>2026-08-24T21:19:05.000Z</time></trkpt><trkpt lat="42.01078023779536" lon="-2.190878690597905"><time>2026-08-24T21:19:06.000Z</time></trkpt><trkpt lat="42.01076587600957" lon="-2.1908729202332395"><time>2026-08-24T21:19:07.000Z</time></trkpt><trkpt lat="42.010751535246115" lon="-2.1908670537124757"><time>2026-08-24T21:19:08.000Z</time></trkpt><trkpt lat="42.01073708531315" lon="-2.1908611355338907"><time>2026-08-24T21:19:09.000Z</time></trkpt><trkpt lat="42.0107224866051" lon="-2.1908552518548894"><time>2026-08-24T21:19:10.000Z</time></trkpt><trkpt lat="42.01070774190609" lon="-2.1908492501260124"><time>2026-08-24T21:19:11.000Z</time></trkpt><trkpt lat="42.01069287110047" lon="-2.190843052073165"><time>2026-08-24T21:19:12.000Z</time></trkpt><trkpt lat="42.01067789856284" lon="-2.1908368342623312"><time>2026-08-24T21:19:13.000Z</time></trkpt><trkpt lat="42.01066284738865" lon="-2.1908307637471696"><time>2026-08-24T21:19:14.000Z</time></trkpt><trkpt lat="42.010647737182246" lon="-2.1908247986187797"><time>2026-08-24T21:19:15.000Z</time></trkpt><trkpt lat="42.010632093983425" lon="-2.1908188468901195"><time>2026-08-24T21:19:16.000Z</time></trkpt><trkpt lat="42.01061628061897" lon="-2.1908128383573584"><time>2026-08-24T21:19:17.000Z</time></trkpt><trkpt lat="42.01060046835354" lon="-2.1908069656035845"><time>2026-08-24T21:19:18.000Z</time></trkpt><trkpt lat="42.010585217189195" lon="-2.1908011987119163"><time>2026-08-24T21:19:19.000Z</time></trkpt><trkpt lat="42.01057019612637" lon="-2.1907956035763347"><time>2026-08-24T21:19:20.000Z</time></trkpt><trkpt lat="42.010555239315224" lon="-2.1907900628868906"><time>2026-08-24T21:19:21.000Z</time></trkpt><trkpt lat="42.010540270206654" lon="-2.1907847661486644"><time>2026-08-24T21:19:22.000Z</time></trkpt><trkpt lat="42.01052525885354" lon="-2.19077960709208"><time>2026-08-24T21:19:23.000Z</time></trkpt><trkpt lat="42.01051019834468" lon="-2.190774616082543"><time>2026-08-24T21:19:24.000Z</time></trkpt><trkpt lat="42.01049509214289" lon="-2.190769692254965"><time>2026-08-24T21:19:25.000Z</time></trkpt><trkpt lat="42.010479457928255" lon="-2.1907649078496902"><time>2026-08-24T21:19:26.000Z</time></trkpt><trkpt lat="42.01046365444563" lon="-2.19076018292107"><time>2026-08-24T21:19:27.000Z</time></trkpt><trkpt lat="42.0104478511634" lon="-2.1907555993137358"><time>2026-08-24T21:19:28.000Z</time></trkpt><trkpt lat="42.010431628237946" lon="-2.190751050193008"><time>2026-08-24T21:19:29.000Z</time></trkpt><trkpt lat="42.010415845845486" lon="-2.1907461505271995"><time>2026-08-24T21:19:30.000Z</time></trkpt><trkpt lat="42.010400312082915" lon="-2.190740817340015"><time>2026-08-24T21:19:31.000Z</time></trkpt><trkpt lat="42.01038491600685" lon="-2.190735500510154"><time>2026-08-24T21:19:32.000Z</time></trkpt><trkpt lat="42.01036959425526" lon="-2.1907301384079187"><time>2026-08-24T21:19:33.000Z</time></trkpt><trkpt lat="42.01035431119411" lon="-2.190724895066768"><time>2026-08-24T21:19:34.000Z</time></trkpt><trkpt lat="42.010339047182256" lon="-2.190719608593699"><time>2026-08-24T21:19:35.000Z</time></trkpt><trkpt lat="42.010323791685884" lon="-2.1907142178516907"><time>2026-08-24T21:19:36.000Z</time></trkpt><trkpt lat="42.01030853927386" lon="-2.190708802847231"><time>2026-08-24T21:19:37.000Z</time></trkpt><trkpt lat="42.01029279770296" lon="-2.1907033078417166"><time>2026-08-24T21:19:38.000Z</time></trkpt><trkpt lat="42.01027691664445" lon="-2.1906976895474837"><time>2026-08-24T21:19:39.000Z</time></trkpt><trkpt lat="42.01026056839701" lon="-2.190691823558494"><time>2026-08-24T21:19:40.000Z</time></trkpt><trkpt lat="42.01024416757592" lon="-2.1906859352367483"><time>2026-08-24T21:19:41.000Z</time></trkpt><trkpt lat="42.01022789168133" lon="-2.190680028458219"><time>2026-08-24T21:19:42.000Z</time></trkpt><trkpt lat="42.010211797779604" lon="-2.190674413194697"><time>2026-08-24T21:19:43.000Z</time></trkpt><trkpt lat="42.010195396403425" lon="-2.1906689654827476"><time>2026-08-24T21:19:44.000Z</time></trkpt><trkpt lat="42.010179015048344" lon="-2.190663429161121"><time>2026-08-24T21:19:45.000Z</time></trkpt><trkpt lat="42.01016278601826" lon="-2.1906578631103093"><time>2026-08-24T21:19:46.000Z</time></trkpt><trkpt lat="42.01014674424967" lon="-2.1906523565962854"><time>2026-08-24T21:19:47.000Z</time></trkpt><trkpt lat="42.01013039048521" lon="-2.1906470305422885"><time>2026-08-24T21:19:48.000Z</time></trkpt><trkpt lat="42.01011404876889" lon="-2.1906416055801325"><time>2026-08-24T21:19:49.000Z</time></trkpt><trkpt lat="42.01009785100647" lon="-2.1906360099520588"><time>2026-08-24T21:19:50.000Z</time></trkpt><trkpt lat="42.01008183304487" lon="-2.1906302360105414"><time>2026-08-24T21:19:51.000Z</time></trkpt><trkpt lat="42.0100659865699" lon="-2.1906242422910074"><time>2026-08-24T21:19:52.000Z</time></trkpt><trkpt lat="42.01004979653681" lon="-2.190618407133103"><time>2026-08-24T21:19:53.000Z</time></trkpt><trkpt lat="42.01003407414942" lon="-2.190612376387947"><time>2026-08-24T21:19:54.000Z</time></trkpt><trkpt lat="42.01001811424563" lon="-2.190606212912529"><time>2026-08-24T21:19:55.000Z</time></trkpt><trkpt lat="42.010002146511695" lon="-2.190600082031838"><time>2026-08-24T21:19:56.000Z</time></trkpt><trkpt lat="42.00998626654504" lon="-2.1905940782493962"><time>2026-08-24T21:19:57.000Z</time></trkpt><trkpt lat="42.00997050245109" lon="-2.1905878263634104"><time>2026-08-24T21:19:58.000Z</time></trkpt><trkpt lat="42.009954850932495" lon="-2.190581295498975"><time>2026-08-24T21:19:59.000Z</time></trkpt><trkpt lat="42.00993880657181" lon="-2.1905748759552"><time>2026-08-24T21:20:00.000Z</time></trkpt><trkpt lat="42.00992270125258" lon="-2.190568805984428"><time>2026-08-24T21:20:01.000Z</time></trkpt><trkpt lat="42.00990667947945" lon="-2.1905629246351066"><time>2026-08-24T21:20:02.000Z</time></trkpt><trkpt lat="42.00989030043062" lon="-2.190557110812078"><time>2026-08-24T21:20:03.000Z</time></trkpt><trkpt lat="42.00987391802739" lon="-2.1905513059774204"><time>2026-08-24T21:20:04.000Z</time></trkpt><trkpt lat="42.00985767845688" lon="-2.1905453624669677"><time>2026-08-24T21:20:05.000Z</time></trkpt><trkpt lat="42.00984162359147" lon="-2.1905392066658558"><time>2026-08-24T21:20:06.000Z</time></trkpt><trkpt lat="42.009825746968964" lon="-2.1905330191081966"><time>2026-08-24T21:20:07.000Z</time></trkpt><trkpt lat="42.009810023050825" lon="-2.1905268170185344"><time>2026-08-24T21:20:08.000Z</time></trkpt><trkpt lat="42.009794421720045" lon="-2.190520670556999"><time>2026-08-24T21:20:09.000Z</time></trkpt><trkpt lat="42.00977891483954" lon="-2.1905149074847228"><time>2026-08-24T21:20:10.000Z</time></trkpt><trkpt lat="42.00976347869897" lon="-2.190509613577239"><time>2026-08-24T21:20:11.000Z</time></trkpt><trkpt lat="42.00974809445426" lon="-2.1905046415405263"><time>2026-08-24T21:20:12.000Z</time></trkpt><trkpt lat="42.00973274768404" lon="-2.1904997057983873"><time>2026-08-24T21:20:13.000Z</time></trkpt><trkpt lat="42.00971742763931" lon="-2.190494531079348"><time>2026-08-24T21:20:14.000Z</time></trkpt><trkpt lat="42.0097021264631" lon="-2.1904891876930788"><time>2026-08-24T21:20:15.000Z</time></trkpt><trkpt lat="42.0096868384979" lon="-2.190483940448275"><time>2026-08-24T21:20:16.000Z</time></trkpt><trkpt lat="42.00967155971815" lon="-2.1904786718577314"><time>2026-08-24T21:20:17.000Z</time></trkpt><trkpt lat="42.00965677689767" lon="-2.190473336275992"><time>2026-08-24T21:20:18.000Z</time></trkpt><trkpt lat="42.00964213723991" lon="-2.190467923502954"><time>2026-08-24T21:20:19.000Z</time></trkpt><trkpt lat="42.00962747707676" lon="-2.1904626534499076"><time>2026-08-24T21:20:20.000Z</time></trkpt><trkpt lat="42.0096132212467" lon="-2.1904574453624424"><time>2026-08-24T21:20:21.000Z</time></trkpt><trkpt lat="42.009599003206226" lon="-2.190452319231338"><time>2026-08-24T21:20:22.000Z</time></trkpt><trkpt lat="42.00958466715025" lon="-2.1904470585658427"><time>2026-08-24T21:20:23.000Z</time></trkpt><trkpt lat="42.009570164060165" lon="-2.190441836280441"><time>2026-08-24T21:20:24.000Z</time></trkpt><trkpt lat="42.009555495187044" lon="-2.190436504456412"><time>2026-08-24T21:20:25.000Z</time></trkpt><trkpt lat="42.00954068232412" lon="-2.1904312610403185"><time>2026-08-24T21:20:26.000Z</time></trkpt><trkpt lat="42.00952575292745" lon="-2.1904260232028143"><time>2026-08-24T21:20:27.000Z</time></trkpt><trkpt lat="42.00951073326128" lon="-2.190420909119327"><time>2026-08-24T21:20:28.000Z</time></trkpt><trkpt lat="42.00949564572806" lon="-2.190415951574798"><time>2026-08-24T21:20:29.000Z</time></trkpt><trkpt lat="42.009480508264495" lon="-2.1904111745802837"><time>2026-08-24T21:20:30.000Z</time></trkpt><trkpt lat="42.00946582427663" lon="-2.1904065648510183"><time>2026-08-24T21:20:31.000Z</time></trkpt><trkpt lat="42.00945076365969" lon="-2.1904021260483137"><time>2026-08-24T21:20:32.000Z</time></trkpt><trkpt lat="42.00943601210987" lon="-2.190397562335882"><time>2026-08-24T21:20:33.000Z</time></trkpt><trkpt lat="42.009421322740806" lon="-2.1903927679104482"><time>2026-08-24T21:20:34.000Z</time></trkpt><trkpt lat="42.00940658589566" lon="-2.190387943015007"><time>2026-08-24T21:20:35.000Z</time></trkpt><trkpt lat="42.00939176250757" lon="-2.1903831128257516"><time>2026-08-24T21:20:36.000Z</time></trkpt><trkpt lat="42.00937684759514" lon="-2.190378012984559"><time>2026-08-24T21:20:37.000Z</time></trkpt><trkpt lat="42.00936185085391" lon="-2.1903723550247105"><time>2026-08-24T21:20:38.000Z</time></trkpt><trkpt lat="42.00934678677939" lon="-2.190366764994277"><time>2026-08-24T21:20:39.000Z</time></trkpt><trkpt lat="42.00933166998347" lon="-2.1903608187874926"><time>2026-08-24T21:20:40.000Z</time></trkpt><trkpt lat="42.00931651325051" lon="-2.190354724065456"><time>2026-08-24T21:20:41.000Z</time></trkpt><trkpt lat="42.009301326971396" lon="-2.1903483100056675"><time>2026-08-24T21:20:42.000Z</time></trkpt><trkpt lat="42.009286119217656" lon="-2.1903414860429145"><time>2026-08-24T21:20:43.000Z</time></trkpt><trkpt lat="42.00927089606964" lon="-2.19033420628852"><time>2026-08-24T21:20:44.000Z</time></trkpt><trkpt lat="42.00925615161789" lon="-2.190326540944828"><time>2026-08-24T21:20:45.000Z</time></trkpt><trkpt lat="42.009241538294816" lon="-2.1903186602152975"><time>2026-08-24T21:20:46.000Z</time></trkpt><trkpt lat="42.009226896130315" lon="-2.190310814843154"><time>2026-08-24T21:20:47.000Z</time></trkpt><trkpt lat="42.009212162945126" lon="-2.190303225957407"><time>2026-08-24T21:20:48.000Z</time></trkpt><trkpt lat="42.00919732481412" lon="-2.190295951706716"><time>2026-08-24T21:20:49.000Z</time></trkpt><trkpt lat="42.00918287908272" lon="-2.190289036857032"><time>2026-08-24T21:20:50.000Z</time></trkpt><trkpt lat="42.00916849059985" lon="-2.1902821477092544"><time>2026-08-24T21:20:51.000Z</time></trkpt><trkpt lat="42.00915401399134" lon="-2.190274990532847"><time>2026-08-24T21:20:52.000Z</time></trkpt><trkpt lat="42.00913989030869" lon="-2.190267570562839"><time>2026-08-24T21:20:53.000Z</time></trkpt><trkpt lat="42.00912576628348" lon="-2.190259923684352"><time>2026-08-24T21:20:54.000Z</time></trkpt><trkpt lat="42.00911149647198" lon="-2.190252216202089"><time>2026-08-24T21:20:55.000Z</time></trkpt><trkpt lat="42.00909703968705" lon="-2.190244279578967"><time>2026-08-24T21:20:56.000Z</time></trkpt><trkpt lat="42.009082892574824" lon="-2.1902364104229766"><time>2026-08-24T21:20:57.000Z</time></trkpt><trkpt lat="42.00906873031411" lon="-2.1902288140298674"><time>2026-08-24T21:20:58.000Z</time></trkpt><trkpt lat="42.00905442107699" lon="-2.1902216317405627"><time>2026-08-24T21:20:59.000Z</time></trkpt><trkpt lat="42.009040419047146" lon="-2.19021468501039"><time>2026-08-24T21:21:00.000Z</time></trkpt><trkpt lat="42.00902638223236" lon="-2.1902079312763676"><time>2026-08-24T21:21:01.000Z</time></trkpt><trkpt lat="42.00901217425343" lon="-2.1902012058362232"><time>2026-08-24T21:21:02.000Z</time></trkpt><trkpt lat="42.0089977609135" lon="-2.190194376027264"><time>2026-08-24T21:21:03.000Z</time></trkpt><trkpt lat="42.008983644097576" lon="-2.1901873700094847"><time>2026-08-24T21:21:04.000Z</time></trkpt><trkpt lat="42.00896950282959" lon="-2.1901801196115844"><time>2026-08-24T21:21:05.000Z</time></trkpt><trkpt lat="42.008955208059305" lon="-2.190172383318856"><time>2026-08-24T21:21:06.000Z</time></trkpt><trkpt lat="42.008941215951914" lon="-2.1901638792260463"><time>2026-08-24T21:21:07.000Z</time></trkpt><trkpt lat="42.00892767552514" lon="-2.190154467378494"><time>2026-08-24T21:21:08.000Z</time></trkpt><trkpt lat="42.00891507978755" lon="-2.1901446350564413"><time>2026-08-24T21:21:09.000Z</time></trkpt><trkpt lat="42.008903020916456" lon="-2.1901350959153625"><time>2026-08-24T21:21:10.000Z</time></trkpt><trkpt lat="42.00889126205089" lon="-2.1901265040416735"><time>2026-08-24T21:21:11.000Z</time></trkpt><trkpt lat="42.00887966713833" lon="-2.1901188848269824"><time>2026-08-24T21:21:12.000Z</time></trkpt><trkpt lat="42.00886815910471" lon="-2.1901120626877626"><time>2026-08-24T21:21:13.000Z</time></trkpt><trkpt lat="42.008856205446946" lon="-2.190105893610097"><time>2026-08-24T21:21:14.000Z</time></trkpt><trkpt lat="42.008843644057706" lon="-2.1901002344647895"><time>2026-08-24T21:21:15.000Z</time></trkpt><trkpt lat="42.00883097578781" lon="-2.190094930256755"><time>2026-08-24T21:21:16.000Z</time></trkpt><trkpt lat="42.008817931011684" lon="-2.1900895655915495"><time>2026-08-24T21:21:17.000Z</time></trkpt><trkpt lat="42.00880542623377" lon="-2.1900838853534847"><time>2026-08-24T21:21:18.000Z</time></trkpt><trkpt lat="42.00879327998258" lon="-2.190077855581375"><time>2026-08-24T21:21:19.000Z</time></trkpt><trkpt lat="42.00878137150575" lon="-2.1900716601543557"><time>2026-08-24T21:21:20.000Z</time></trkpt><trkpt lat="42.00876962055544" lon="-2.1900649676522517"><time>2026-08-24T21:21:21.000Z</time></trkpt><trkpt lat="42.00875797386463" lon="-2.1900575217800355"><time>2026-08-24T21:21:22.000Z</time></trkpt><trkpt lat="42.00874639611464" lon="-2.1900493442814453"><time>2026-08-24T21:21:23.000Z</time></trkpt><trkpt lat="42.008734374300985" lon="-2.190040568615079"><time>2026-08-24T21:21:24.000Z</time></trkpt><trkpt lat="42.00872175414621" lon="-2.190031295916901"><time>2026-08-24T21:21:25.000Z</time></trkpt><trkpt lat="42.00870805929927" lon="-2.19002166223202"><time>2026-08-24T21:21:26.000Z</time></trkpt><trkpt lat="42.008693721128665" lon="-2.190012075927082"><time>2026-08-24T21:21:27.000Z</time></trkpt><trkpt lat="42.00867899985593" lon="-2.1900028521032633"><time>2026-08-24T21:21:28.000Z</time></trkpt><trkpt lat="42.00866405181956" lon="-2.1899940740058335"><time>2026-08-24T21:21:29.000Z</time></trkpt><trkpt lat="42.00864897050972" lon="-2.189985749310327"><time>2026-08-24T21:21:30.000Z</time></trkpt><trkpt lat="42.00863381153423" lon="-2.1899779453869894"><time>2026-08-24T21:21:31.000Z</time></trkpt><trkpt lat="42.00861860776252" lon="-2.189970592540151"><time>2026-08-24T21:21:32.000Z</time></trkpt><trkpt lat="42.00860288887022" lon="-2.189963328765852"><time>2026-08-24T21:21:33.000Z</time></trkpt><trkpt lat="42.00858701688763" lon="-2.189956299553101"><time>2026-08-24T21:21:34.000Z</time></trkpt><trkpt lat="42.008571160559825" lon="-2.189949687716823"><time>2026-08-24T21:21:35.000Z</time></trkpt><trkpt lat="42.00855538737237" lon="-2.1899438821846253"><time>2026-08-24T21:21:36.000Z</time></trkpt><trkpt lat="42.00853971444713" lon="-2.189938878440631"><time>2026-08-24T21:21:37.000Z</time></trkpt><trkpt lat="42.00852413596698" lon="-2.1899341127067946"><time>2026-08-24T21:21:38.000Z</time></trkpt><trkpt lat="42.00850863741432" lon="-2.1899291386482904"><time>2026-08-24T21:21:39.000Z</time></trkpt><trkpt lat="42.008493202551776" lon="-2.189924013392355"><time>2026-08-24T21:21:40.000Z</time></trkpt><trkpt lat="42.008477326907084" lon="-2.189919085878488"><time>2026-08-24T21:21:41.000Z</time></trkpt><trkpt lat="42.00846134890609" lon="-2.189913954220433"><time>2026-08-24T21:21:42.000Z</time></trkpt><trkpt lat="42.00844542106112" lon="-2.1899089075189178"><time>2026-08-24T21:21:43.000Z</time></trkpt><trkpt lat="42.00842959974439" lon="-2.189903717323918"><time>2026-08-24T21:21:44.000Z</time></trkpt><trkpt lat="42.00841389449911" lon="-2.1898983385699315"><time>2026-08-24T21:21:45.000Z</time></trkpt><trkpt lat="42.0083982943579" lon="-2.1898930829053787"><time>2026-08-24T21:21:46.000Z</time></trkpt><trkpt lat="42.0083827813141" lon="-2.1898880016778017"><time>2026-08-24T21:21:47.000Z</time></trkpt><trkpt lat="42.00836733677311" lon="-2.1898829406417906"><time>2026-08-24T21:21:48.000Z</time></trkpt><trkpt lat="42.00835194428485" lon="-2.189877833682385"><time>2026-08-24T21:21:49.000Z</time></trkpt><trkpt lat="42.008336590393725" lon="-2.1898728124687556"><time>2026-08-24T21:21:50.000Z</time></trkpt><trkpt lat="42.0083212646044" lon="-2.1898678896206545"><time>2026-08-24T21:21:51.000Z</time></trkpt><trkpt lat="42.008305958987705" lon="-2.1898632107135674"><time>2026-08-24T21:21:52.000Z</time></trkpt><trkpt lat="42.00829066768904" lon="-2.1898588043908744"><time>2026-08-24T21:21:53.000Z</time></trkpt><trkpt lat="42.008275386459566" lon="-2.189854555661089"><time>2026-08-24T21:21:54.000Z</time></trkpt><trkpt lat="42.00826011225712" lon="-2.1898503051380804"><time>2026-08-24T21:21:55.000Z</time></trkpt><trkpt lat="42.00824484292692" lon="-2.189845895609491"><time>2026-08-24T21:21:56.000Z</time></trkpt><trkpt lat="42.00822957695621" lon="-2.189841129734837"><time>2026-08-24T21:21:57.000Z</time></trkpt><trkpt lat="42.00821480290143" lon="-2.189835910777876"><time>2026-08-24T21:21:58.000Z</time></trkpt><trkpt lat="42.00820016921911" lon="-2.1898303182531547"><time>2026-08-24T21:21:59.000Z</time></trkpt><trkpt lat="42.00818600272597" lon="-2.1898245858575884"><time>2026-08-24T21:22:00.000Z</time></trkpt><trkpt lat="42.00817188844239" lon="-2.1898187359855807"><time>2026-08-24T21:22:01.000Z</time></trkpt><trkpt lat="42.00815813837552" lon="-2.1898126705351624"><time>2026-08-24T21:22:02.000Z</time></trkpt><trkpt lat="42.00814434466302" lon="-2.1898064991764885"><time>2026-08-24T21:22:03.000Z</time></trkpt><trkpt lat="42.008130834546066" lon="-2.189800250067887"><time>2026-08-24T21:22:04.000Z</time></trkpt><trkpt lat="42.00811721678379" lon="-2.1897940059863084"><time>2026-08-24T21:22:05.000Z</time></trkpt><trkpt lat="42.00810383367689" lon="-2.189787586172206"><time>2026-08-24T21:22:06.000Z</time></trkpt><trkpt lat="42.00809030646794" lon="-2.189780877536445"><time>2026-08-24T21:22:07.000Z</time></trkpt><trkpt lat="42.008076987277896" lon="-2.1897739011756365"><time>2026-08-24T21:22:08.000Z</time></trkpt><trkpt lat="42.00806399442299" lon="-2.1897667307408355"><time>2026-08-24T21:22:09.000Z</time></trkpt><trkpt lat="42.00805084513456" lon="-2.189759605077088"><time>2026-08-24T21:22:10.000Z</time></trkpt><trkpt lat="42.008037850281" lon="-2.18975243319847"><time>2026-08-24T21:22:11.000Z</time></trkpt><trkpt lat="42.00802462845617" lon="-2.189744938760243"><time>2026-08-24T21:22:12.000Z</time></trkpt><trkpt lat="42.00801154132634" lon="-2.1897367127471647"><time>2026-08-24T21:22:13.000Z</time></trkpt><trkpt lat="42.00799872054986" lon="-2.189727527606326"><time>2026-08-24T21:22:14.000Z</time></trkpt><trkpt lat="42.00798618616196" lon="-2.1897175351291014"><time>2026-08-24T21:22:15.000Z</time></trkpt><trkpt lat="42.00797390965628" lon="-2.1897071768546157"><time>2026-08-24T21:22:16.000Z</time></trkpt><trkpt lat="42.007961846194156" lon="-2.18969668157293"><time>2026-08-24T21:22:17.000Z</time></trkpt><trkpt lat="42.00794994996572" lon="-2.1896862222934157"><time>2026-08-24T21:22:18.000Z</time></trkpt><trkpt lat="42.00793818064075" lon="-2.1896759574482667"><time>2026-08-24T21:22:19.000Z</time></trkpt><trkpt lat="42.00792650532204" lon="-2.1896658967291245"><time>2026-08-24T21:22:20.000Z</time></trkpt><trkpt lat="42.00791489839587" lon="-2.1896562933340395"><time>2026-08-24T21:22:21.000Z</time></trkpt><trkpt lat="42.00790285092496" lon="-2.1896472234422255"><time>2026-08-24T21:22:22.000Z</time></trkpt><trkpt lat="42.0078902098552" lon="-2.189638619351822"><time>2026-08-24T21:22:23.000Z</time></trkpt><trkpt lat="42.00787747795196" lon="-2.189630117990066"><time>2026-08-24T21:22:24.000Z</time></trkpt><trkpt lat="42.00786438431849" lon="-2.1896217402504026"><time>2026-08-24T21:22:25.000Z</time></trkpt><trkpt lat="42.00785135342862" lon="-2.189613631874059"><time>2026-08-24T21:22:26.000Z</time></trkpt><trkpt lat="42.007838062431176" lon="-2.1896059407124127"><time>2026-08-24T21:22:27.000Z</time></trkpt><trkpt lat="42.007824411749674" lon="-2.189598551704062"><time>2026-08-24T21:22:28.000Z</time></trkpt><trkpt lat="42.00781089615074" lon="-2.189591286879976"><time>2026-08-24T21:22:29.000Z</time></trkpt><trkpt lat="42.00779721244749" lon="-2.1895843018130194"><time>2026-08-24T21:22:30.000Z</time></trkpt><trkpt lat="42.00778325735341" lon="-2.18957768586821"><time>2026-08-24T21:22:31.000Z</time></trkpt><trkpt lat="42.00776902316425" lon="-2.189571550875428"><time>2026-08-24T21:22:32.000Z</time></trkpt><trkpt lat="42.00775454252858" lon="-2.1895657893584906"><time>2026-08-24T21:22:33.000Z</time></trkpt><trkpt lat="42.00774035013383" lon="-2.189560400922055"><time>2026-08-24T21:22:34.000Z</time></trkpt><trkpt lat="42.007726139576214" lon="-2.1895554905223054"><time>2026-08-24T21:22:35.000Z</time></trkpt><trkpt lat="42.0077117869996" lon="-2.1895510094277504"><time>2026-08-24T21:22:36.000Z</time></trkpt><trkpt lat="42.00769774923445" lon="-2.1895467294651465"><time>2026-08-24T21:22:37.000Z</time></trkpt><trkpt lat="42.007683684402586" lon="-2.189542530850162"><time>2026-08-24T21:22:38.000Z</time></trkpt><trkpt lat="42.00766945518115" lon="-2.1895383844114336"><time>2026-08-24T21:22:39.000Z</time></trkpt><trkpt lat="42.00765502611516" lon="-2.1895345468444516"><time>2026-08-24T21:22:40.000Z</time></trkpt><trkpt lat="42.00764040825282" lon="-2.1895313290270675"><time>2026-08-24T21:22:41.000Z</time></trkpt><trkpt lat="42.00762563037587" lon="-2.1895287488445607"><time>2026-08-24T21:22:42.000Z</time></trkpt><trkpt lat="42.00761121448585" lon="-2.1895265482192325"><time>2026-08-24T21:22:43.000Z</time></trkpt><trkpt lat="42.007596839489295" lon="-2.1895250923617735"><time>2026-08-24T21:22:44.000Z</time></trkpt><trkpt lat="42.0075823679006" lon="-2.189524864497588"><time>2026-08-24T21:22:45.000Z</time></trkpt><trkpt lat="42.007567755496076" lon="-2.1895256612186254"><time>2026-08-24T21:22:46.000Z</time></trkpt><trkpt lat="42.00755300213642" lon="-2.189526991844731"><time>2026-08-24T21:22:47.000Z</time></trkpt><trkpt lat="42.00753861546625" lon="-2.1895285857715474"><time>2026-08-24T21:22:48.000Z</time></trkpt><trkpt lat="42.00752426787591" lon="-2.1895305425662386"><time>2026-08-24T21:22:49.000Z</time></trkpt><trkpt lat="42.00750981942896" lon="-2.1895331626669767"><time>2026-08-24T21:22:50.000Z</time></trkpt><trkpt lat="42.00749571505034" lon="-2.189536545871221"><time>2026-08-24T21:22:51.000Z</time></trkpt><trkpt lat="42.00748160420369" lon="-2.1895405435337216"><time>2026-08-24T21:22:52.000Z</time></trkpt><trkpt lat="42.007467832967244" lon="-2.1895451073746126"><time>2026-08-24T21:22:53.000Z</time></trkpt><trkpt lat="42.007454010668475" lon="-2.189550359047141"><time>2026-08-24T21:22:54.000Z</time></trkpt><trkpt lat="42.00744047257981" lon="-2.1895564439740043"><time>2026-08-24T21:22:55.000Z</time></trkpt><trkpt lat="42.00742683068904" lon="-2.1895632844975217"><time>2026-08-24T21:22:56.000Z</time></trkpt><trkpt lat="42.00741342813328" lon="-2.189570537451339"><time>2026-08-24T21:22:57.000Z</time></trkpt><trkpt lat="42.00739988589893" lon="-2.1895780085733025"><time>2026-08-24T21:22:58.000Z</time></trkpt><trkpt lat="42.00738655543369" lon="-2.189586140670175"><time>2026-08-24T21:22:59.000Z</time></trkpt><trkpt lat="42.007373554295214" lon="-2.1895954902793733"><time>2026-08-24T21:23:00.000Z</time></trkpt><trkpt lat="42.00736039901844" lon="-2.1896055795237555"><time>2026-08-24T21:23:01.000Z</time></trkpt><trkpt lat="42.00734739989038" lon="-2.1896158106598844"><time>2026-08-24T21:23:02.000Z</time></trkpt><trkpt lat="42.00733417504549" lon="-2.189625796902835"><time>2026-08-24T21:23:03.000Z</time></trkpt><trkpt lat="42.00732108579986" lon="-2.189635471594673"><time>2026-08-24T21:23:04.000Z</time></trkpt><trkpt lat="42.00730826355152" lon="-2.189645306280507"><time>2026-08-24T21:23:05.000Z</time></trkpt><trkpt lat="42.007295728145884" lon="-2.189655076814722"><time>2026-08-24T21:23:06.000Z</time></trkpt><trkpt lat="42.00728345094011" lon="-2.1896651581303974"><time>2026-08-24T21:23:07.000Z</time></trkpt><trkpt lat="42.00727138699857" lon="-2.1896755423464946"><time>2026-08-24T21:23:08.000Z</time></trkpt><trkpt lat="42.007259490443126" lon="-2.1896861261392004"><time>2026-08-24T21:23:09.000Z</time></trkpt><trkpt lat="42.00724772089589" lon="-2.189696596535658"><time>2026-08-24T21:23:10.000Z</time></trkpt><trkpt lat="42.00723555581596" lon="-2.1897069309994355"><time>2026-08-24T21:23:11.000Z</time></trkpt><trkpt lat="42.00722332038021" lon="-2.1897174131020067"><time>2026-08-24T21:23:12.000Z</time></trkpt><trkpt lat="42.00721115753739" lon="-2.1897278346717077"><time>2026-08-24T21:23:13.000Z</time></trkpt><trkpt lat="42.007199116841356" lon="-2.1897381177458075"><time>2026-08-24T21:23:14.000Z</time></trkpt><trkpt lat="42.00718671341208" lon="-2.189748400995673"><time>2026-08-24T21:23:15.000Z</time></trkpt><trkpt lat="42.00717428372668" lon="-2.1897588945115567"><time>2026-08-24T21:23:16.000Z</time></trkpt><trkpt lat="42.00716196972756" lon="-2.1897695354256506"><time>2026-08-24T21:23:17.000Z</time></trkpt><trkpt lat="42.00714932541259" lon="-2.1897799423212567"><time>2026-08-24T21:23:18.000Z</time></trkpt><trkpt lat="42.00713669910937" lon="-2.1897901411574976"><time>2026-08-24T21:23:19.000Z</time></trkpt><trkpt lat="42.00712227351654" lon="-2.1897967114543126"><time>2026-08-24T21:23:20.000Z</time></trkpt><trkpt lat="42.007108468808646" lon="-2.189804034776974"><time>2026-08-24T21:23:21.000Z</time></trkpt><trkpt lat="42.00709571239399" lon="-2.1898129009305345"><time>2026-08-24T21:23:22.000Z</time></trkpt><trkpt lat="42.0070835561361" lon="-2.1898230393544154"><time>2026-08-24T21:23:23.000Z</time></trkpt><trkpt lat="42.00707222805884" lon="-2.189833869322141"><time>2026-08-24T21:23:24.000Z</time></trkpt><trkpt lat="42.007061226163685" lon="-2.189845307717887"><time>2026-08-24T21:23:25.000Z</time></trkpt><trkpt lat="42.00705079145655" lon="-2.1898576400295986"><time>2026-08-24T21:23:26.000Z</time></trkpt><trkpt lat="42.0070414400046" lon="-2.1898707772959787"><time>2026-08-24T21:23:27.000Z</time></trkpt><trkpt lat="42.00703275569673" lon="-2.1898844571624316"><time>2026-08-24T21:23:28.000Z</time></trkpt><trkpt lat="42.007023991926935" lon="-2.1898980735313964"><time>2026-08-24T21:23:29.000Z</time></trkpt><trkpt lat="42.00701485141681" lon="-2.1899108953308732"><time>2026-08-24T21:23:30.000Z</time></trkpt><trkpt lat="42.00700526009123" lon="-2.1899228152648154"><time>2026-08-24T21:23:31.000Z</time></trkpt><trkpt lat="42.00699475569446" lon="-2.189933782495554"><time>2026-08-24T21:23:32.000Z</time></trkpt><trkpt lat="42.00698375465608" lon="-2.18994368415981"><time>2026-08-24T21:23:33.000Z</time></trkpt><trkpt lat="42.00697298182952" lon="-2.1899524575372475"><time>2026-08-24T21:23:34.000Z</time></trkpt><trkpt lat="42.00696319605355" lon="-2.189960221611446"><time>2026-08-24T21:23:35.000Z</time></trkpt><trkpt lat="42.0069536039356" lon="-2.189967369131"><time>2026-08-24T21:23:36.000Z</time></trkpt><trkpt lat="42.00694483309569" lon="-2.1899749977953165"><time>2026-08-24T21:23:37.000Z</time></trkpt><trkpt lat="42.006936546988236" lon="-2.1899835897214044"><time>2026-08-24T21:23:38.000Z</time></trkpt><trkpt lat="42.006928544797894" lon="-2.1899934340325817"><time>2026-08-24T21:23:39.000Z</time></trkpt><trkpt lat="42.00692119699247" lon="-2.1900048562657064"><time>2026-08-24T21:23:40.000Z</time></trkpt><trkpt lat="42.00691506176429" lon="-2.1900181551717828"><time>2026-08-24T21:23:41.000Z</time></trkpt><trkpt lat="42.0069102133631" lon="-2.190033396522287"><time>2026-08-24T21:23:42.000Z</time></trkpt><trkpt lat="42.00690651720513" lon="-2.1900503886949685"><time>2026-08-24T21:23:43.000Z</time></trkpt><trkpt lat="42.00690425958624" lon="-2.190068766856691"><time>2026-08-24T21:23:44.000Z</time></trkpt><trkpt lat="42.00690337377831" lon="-2.190088294669399"><time>2026-08-24T21:23:45.000Z</time></trkpt><trkpt lat="42.00690365623059" lon="-2.1901085742419175"><time>2026-08-24T21:23:46.000Z</time></trkpt><trkpt lat="42.00690487316969" lon="-2.190129345222159"><time>2026-08-24T21:23:47.000Z</time></trkpt><trkpt lat="42.006906808379945" lon="-2.1901506209209964"><time>2026-08-24T21:23:48.000Z</time></trkpt><trkpt lat="42.00690879101691" lon="-2.1901724644430787"><time>2026-08-24T21:23:49.000Z</time></trkpt><trkpt lat="42.00691053871733" lon="-2.1901944922904497"><time>2026-08-24T21:23:50.000Z</time></trkpt><trkpt lat="42.00691196534833" lon="-2.1902168288746275"><time>2026-08-24T21:23:51.000Z</time></trkpt><trkpt lat="42.00691307664631" lon="-2.1902397306118324"><time>2026-08-24T21:23:52.000Z</time></trkpt><trkpt lat="42.00691342583561" lon="-2.190263230566279"><time>2026-08-24T21:23:53.000Z</time></trkpt><trkpt lat="42.00691341634523" lon="-2.1902873267759624"><time>2026-08-24T21:23:54.000Z</time></trkpt><trkpt lat="42.006913260356654" lon="-2.1903117276997626"><time>2026-08-24T21:23:55.000Z</time></trkpt><trkpt lat="42.00691355366676" lon="-2.1903363659637187"><time>2026-08-24T21:23:56.000Z</time></trkpt><trkpt lat="42.006913994367146" lon="-2.190361030355419"><time>2026-08-24T21:23:57.000Z</time></trkpt><trkpt lat="42.00691443920453" lon="-2.190385783540411"><time>2026-08-24T21:23:58.000Z</time></trkpt><trkpt lat="42.00691482865147" lon="-2.1904107011312997"><time>2026-08-24T21:23:59.000Z</time></trkpt><trkpt lat="42.006915145301846" lon="-2.1904359155692843"><time>2026-08-24T21:24:00.000Z</time></trkpt><trkpt lat="42.00691539133057" lon="-2.1904613514962"><time>2026-08-24T21:24:01.000Z</time></trkpt><trkpt lat="42.00691508708692" lon="-2.190486827046619"><time>2026-08-24T21:24:02.000Z</time></trkpt><trkpt lat="42.00691459527196" lon="-2.1905121398340213"><time>2026-08-24T21:24:03.000Z</time></trkpt><trkpt lat="42.00691359972197" lon="-2.1905372273992754"><time>2026-08-24T21:24:04.000Z</time></trkpt><trkpt lat="42.006912034883804" lon="-2.190562154127878"><time>2026-08-24T21:24:05.000Z</time></trkpt><trkpt lat="42.00690994682778" lon="-2.1905870895817188"><time>2026-08-24T21:24:06.000Z</time></trkpt><trkpt lat="42.006907421681404" lon="-2.1906121942741588"><time>2026-08-24T21:24:07.000Z</time></trkpt><trkpt lat="42.00690455101474" lon="-2.190637512588434"><time>2026-08-24T21:24:08.000Z</time></trkpt><trkpt lat="42.00690092727579" lon="-2.1906626375763745"><time>2026-08-24T21:24:09.000Z</time></trkpt><trkpt lat="42.00689647927672" lon="-2.1906872122516496"><time>2026-08-24T21:24:10.000Z</time></trkpt><trkpt lat="42.00689177310318" lon="-2.190711374431827"><time>2026-08-24T21:24:11.000Z</time></trkpt><trkpt lat="42.00688658541379" lon="-2.190735448022545"><time>2026-08-24T21:24:12.000Z</time></trkpt><trkpt lat="42.00688039642034" lon="-2.1907593941852865"><time>2026-08-24T21:24:13.000Z</time></trkpt><trkpt lat="42.00687361018319" lon="-2.190783060276925"><time>2026-08-24T21:24:14.000Z</time></trkpt><trkpt lat="42.006866469763196" lon="-2.190806327578642"><time>2026-08-24T21:24:15.000Z</time></trkpt><trkpt lat="42.00685863110913" lon="-2.190829198382151"><time>2026-08-24T21:24:16.000Z</time></trkpt><trkpt lat="42.00685053175714" lon="-2.1908518775245205"><time>2026-08-24T21:24:17.000Z</time></trkpt><trkpt lat="42.00684189574876" lon="-2.190874443363238"><time>2026-08-24T21:24:18.000Z</time></trkpt><trkpt lat="42.006832678314126" lon="-2.190896636704246"><time>2026-08-24T21:24:19.000Z</time></trkpt><trkpt lat="42.0068229356407" lon="-2.190918368011642"><time>2026-08-24T21:24:20.000Z</time></trkpt><trkpt lat="42.006812758281946" lon="-2.190939690313533"><time>2026-08-24T21:24:21.000Z</time></trkpt><trkpt lat="42.00680223932201" lon="-2.1909604331385903"><time>2026-08-24T21:24:22.000Z</time></trkpt><trkpt lat="42.006791950550664" lon="-2.1909805700553466"><time>2026-08-24T21:24:23.000Z</time></trkpt><trkpt lat="42.00678160829502" lon="-2.191000259747846"><time>2026-08-24T21:24:24.000Z</time></trkpt><trkpt lat="42.00677159220438" lon="-2.191019747370681"><time>2026-08-24T21:24:25.000Z</time></trkpt><trkpt lat="42.00676152715758" lon="-2.1910393740266696"><time>2026-08-24T21:24:26.000Z</time></trkpt><trkpt lat="42.00675175456128" lon="-2.191059262348632"><time>2026-08-24T21:24:27.000Z</time></trkpt><trkpt lat="42.006742377482546" lon="-2.1910795516590755"><time>2026-08-24T21:24:28.000Z</time></trkpt><trkpt lat="42.00673338760376" lon="-2.1911001560674"><time>2026-08-24T21:24:29.000Z</time></trkpt><trkpt lat="42.00672473180292" lon="-2.191120969157992"><time>2026-08-24T21:24:30.000Z</time></trkpt><trkpt lat="42.006716345324215" lon="-2.1911420427239547"><time>2026-08-24T21:24:31.000Z</time></trkpt><trkpt lat="42.00670816693195" lon="-2.1911633646637965"><time>2026-08-24T21:24:32.000Z</time></trkpt><trkpt lat="42.00670014469966" lon="-2.1911848675146435"><time>2026-08-24T21:24:33.000Z</time></trkpt><trkpt lat="42.006692237199374" lon="-2.191206469672718"><time>2026-08-24T21:24:34.000Z</time></trkpt><trkpt lat="42.00668392303339" lon="-2.19122812478493"><time>2026-08-24T21:24:35.000Z</time></trkpt><trkpt lat="42.0066755292783" lon="-2.191250265974904"><time>2026-08-24T21:24:36.000Z</time></trkpt><trkpt lat="42.006667200850266" lon="-2.1912725502200914"><time>2026-08-24T21:24:37.000Z</time></trkpt><trkpt lat="42.006658499435375" lon="-2.1912948178914475"><time>2026-08-24T21:24:38.000Z</time></trkpt><trkpt lat="42.006649782004246" lon="-2.191316882972981"><time>2026-08-24T21:24:39.000Z</time></trkpt><trkpt lat="42.006640708014324" lon="-2.1913387254598633"><time>2026-08-24T21:24:40.000Z</time></trkpt><trkpt lat="42.00663167259324" lon="-2.19136048808578"><time>2026-08-24T21:24:41.000Z</time></trkpt><trkpt lat="42.006622833517454" lon="-2.1913821480812667"><time>2026-08-24T21:24:42.000Z</time></trkpt><trkpt lat="42.00661374095336" lon="-2.191403617439567"><time>2026-08-24T21:24:43.000Z</time></trkpt><trkpt lat="42.00660473178993" lon="-2.191424884384558"><time>2026-08-24T21:24:44.000Z</time></trkpt><trkpt lat="42.00659593406491" lon="-2.191446061847873"><time>2026-08-24T21:24:45.000Z</time></trkpt><trkpt lat="42.00658737337074" lon="-2.1914673302260166"><time>2026-08-24T21:24:46.000Z</time></trkpt><trkpt lat="42.00657902982467" lon="-2.191488721542841"><time>2026-08-24T21:24:47.000Z</time></trkpt><trkpt lat="42.0065708673677" lon="-2.191510141405852"><time>2026-08-24T21:24:48.000Z</time></trkpt><trkpt lat="42.0065623582964" lon="-2.1915314860758848"><time>2026-08-24T21:24:49.000Z</time></trkpt><trkpt lat="42.006553819382944" lon="-2.1915527224805977"><time>2026-08-24T21:24:50.000Z</time></trkpt><trkpt lat="42.006544895304245" lon="-2.191573759093396"><time>2026-08-24T21:24:51.000Z</time></trkpt><trkpt lat="42.00653597877241" lon="-2.1915946144642295"><time>2026-08-24T21:24:52.000Z</time></trkpt><trkpt lat="42.00652674094013" lon="-2.1916152276927265"><time>2026-08-24T21:24:53.000Z</time></trkpt><trkpt lat="42.00651708761555" lon="-2.191635849581995"><time>2026-08-24T21:24:54.000Z</time></trkpt><trkpt lat="42.00650752294573" lon="-2.191656857715495"><time>2026-08-24T21:24:55.000Z</time></trkpt><trkpt lat="42.006497753565945" lon="-2.191678143816178"><time>2026-08-24T21:24:56.000Z</time></trkpt><trkpt lat="42.00648817454363" lon="-2.1916998724205876"><time>2026-08-24T21:24:57.000Z</time></trkpt><trkpt lat="42.006478434538025" lon="-2.191721717888375"><time>2026-08-24T21:24:58.000Z</time></trkpt><trkpt lat="42.006468409517254" lon="-2.191743592312075"><time>2026-08-24T21:24:59.000Z</time></trkpt><trkpt lat="42.00645808498211" lon="-2.1917656699766606"><time>2026-08-24T21:25:00.000Z</time></trkpt><trkpt lat="42.006447983014176" lon="-2.1917879659721717"><time>2026-08-24T21:25:01.000Z</time></trkpt><trkpt lat="42.00643780044728" lon="-2.191810458490746"><time>2026-08-24T21:25:02.000Z</time></trkpt><trkpt lat="42.00642791238285" lon="-2.191832654317786"><time>2026-08-24T21:25:03.000Z</time></trkpt><trkpt lat="42.0064179458906" lon="-2.1918546332162916"><time>2026-08-24T21:25:04.000Z</time></trkpt><trkpt lat="42.006407757451484" lon="-2.1918766088810937"><time>2026-08-24T21:25:05.000Z</time></trkpt><trkpt lat="42.00639682683552" lon="-2.1918987309352183"><time>2026-08-24T21:25:06.000Z</time></trkpt><trkpt lat="42.006385035051906" lon="-2.1919207668035954"><time>2026-08-24T21:25:07.000Z</time></trkpt><trkpt lat="42.00637195401522" lon="-2.1919418667492736"><time>2026-08-24T21:25:08.000Z</time></trkpt><trkpt lat="42.00635806250991" lon="-2.1919624129597755"><time>2026-08-24T21:25:09.000Z</time></trkpt><trkpt lat="42.006343661737795" lon="-2.191982664504403"><time>2026-08-24T21:25:10.000Z</time></trkpt><trkpt lat="42.00632943071806" lon="-2.1920025822924702"><time>2026-08-24T21:25:11.000Z</time></trkpt><trkpt lat="42.00631513769539" lon="-2.1920221624616154"><time>2026-08-24T21:25:12.000Z</time></trkpt><trkpt lat="42.0063011847938" lon="-2.192041354952075"><time>2026-08-24T21:25:13.000Z</time></trkpt><trkpt lat="42.00628720435674" lon="-2.1920603113081967"><time>2026-08-24T21:25:14.000Z</time></trkpt><trkpt lat="42.00627255889449" lon="-2.1920784816345433"><time>2026-08-24T21:25:15.000Z</time></trkpt><trkpt lat="42.00625756083312" lon="-2.192096076958869"><time>2026-08-24T21:25:16.000Z</time></trkpt><trkpt lat="42.00624189448505" lon="-2.1921124623728225"><time>2026-08-24T21:25:17.000Z</time></trkpt><trkpt lat="42.006226005223816" lon="-2.1921276846934563"><time>2026-08-24T21:25:18.000Z</time></trkpt><trkpt lat="42.00620912585842" lon="-2.192142310291488"><time>2026-08-24T21:25:19.000Z</time></trkpt><trkpt lat="42.006191557123" lon="-2.1921564654017267"><time>2026-08-24T21:25:20.000Z</time></trkpt><trkpt lat="42.00617351134953" lon="-2.192169864589644"><time>2026-08-24T21:25:21.000Z</time></trkpt><trkpt lat="42.006155137210484" lon="-2.192181783510004"><time>2026-08-24T21:25:22.000Z</time></trkpt><trkpt lat="42.00613653807938" lon="-2.1921921750447106"><time>2026-08-24T21:25:23.000Z</time></trkpt><trkpt lat="42.006117295795654" lon="-2.1922015830345614"><time>2026-08-24T21:25:24.000Z</time></trkpt><trkpt lat="42.00609781030512" lon="-2.1922099598791975"><time>2026-08-24T21:25:25.000Z</time></trkpt><trkpt lat="42.00607778792341" lon="-2.192217846730423"><time>2026-08-24T21:25:26.000Z</time></trkpt><trkpt lat="42.006057666221295" lon="-2.192225345738527"><time>2026-08-24T21:25:27.000Z</time></trkpt><trkpt lat="42.006037638152634" lon="-2.192231630731571"><time>2026-08-24T21:25:28.000Z</time></trkpt><trkpt lat="42.00601728155393" lon="-2.1922369150900245"><time>2026-08-24T21:25:29.000Z</time></trkpt><trkpt lat="42.00599646473051" lon="-2.1922413845203508"><time>2026-08-24T21:25:30.000Z</time></trkpt><trkpt lat="42.005975192515265" lon="-2.1922447610875"><time>2026-08-24T21:25:31.000Z</time></trkpt><trkpt lat="42.00595352534739" lon="-2.1922469787938947"><time>2026-08-24T21:25:32.000Z</time></trkpt><trkpt lat="42.00593153880933" lon="-2.1922480367948998"><time>2026-08-24T21:25:33.000Z</time></trkpt><trkpt lat="42.00590930501914" lon="-2.192247838783788"><time>2026-08-24T21:25:34.000Z</time></trkpt><trkpt lat="42.00588737502249" lon="-2.1922460472955354"><time>2026-08-24T21:25:35.000Z</time></trkpt><trkpt lat="42.00586593676693" lon="-2.1922423912638704"><time>2026-08-24T21:25:36.000Z</time></trkpt><trkpt lat="42.0058450045413" lon="-2.192236906563996"><time>2026-08-24T21:25:37.000Z</time></trkpt><trkpt lat="42.005825008892664" lon="-2.1922289858587303"><time>2026-08-24T21:25:38.000Z</time></trkpt><trkpt lat="42.00580649653704" lon="-2.192218569281318"><time>2026-08-24T21:25:39.000Z</time></trkpt><trkpt lat="42.00578901264129" lon="-2.192205554709417"><time>2026-08-24T21:25:40.000Z</time></trkpt><trkpt lat="42.00577272749929" lon="-2.192190570141601"><time>2026-08-24T21:25:41.000Z</time></trkpt><trkpt lat="42.00575804699616" lon="-2.1921737904473173"><time>2026-08-24T21:25:42.000Z</time></trkpt><trkpt lat="42.00574444272531" lon="-2.192155303840755"><time>2026-08-24T21:25:43.000Z</time></trkpt><trkpt lat="42.005732538159755" lon="-2.192135151526419"><time>2026-08-24T21:25:44.000Z</time></trkpt><trkpt lat="42.00572237191187" lon="-2.192113747868752"><time>2026-08-24T21:25:45.000Z</time></trkpt><trkpt lat="42.005713247162454" lon="-2.192091546527526"><time>2026-08-24T21:25:46.000Z</time></trkpt><trkpt lat="42.00570523287399" lon="-2.192068836716441"><time>2026-08-24T21:25:47.000Z</time></trkpt><trkpt lat="42.00569772531094" lon="-2.192045772204016"><time>2026-08-24T21:25:48.000Z</time></trkpt><trkpt lat="42.00569090040804" lon="-2.1920226148459534"><time>2026-08-24T21:25:49.000Z</time></trkpt><trkpt lat="42.005684743002696" lon="-2.1919993313964414"><time>2026-08-24T21:25:50.000Z</time></trkpt><trkpt lat="42.005678671567516" lon="-2.1919759243473935"><time>2026-08-24T21:25:51.000Z</time></trkpt><trkpt lat="42.00567292518661" lon="-2.191952502390867"><time>2026-08-24T21:25:52.000Z</time></trkpt><trkpt lat="42.00566707099195" lon="-2.1919289285992454"><time>2026-08-24T21:25:53.000Z</time></trkpt><trkpt lat="42.005661434162384" lon="-2.191905257870966"><time>2026-08-24T21:25:54.000Z</time></trkpt><trkpt lat="42.005656120718946" lon="-2.1918815558573734"><time>2026-08-24T21:25:55.000Z</time></trkpt><trkpt lat="42.00565064320788" lon="-2.1918578842119665"><time>2026-08-24T21:25:56.000Z</time></trkpt><trkpt lat="42.00564531154792" lon="-2.191834478632647"><time>2026-08-24T21:25:57.000Z</time></trkpt><trkpt lat="42.00564023465419" lon="-2.1918112796358367"><time>2026-08-24T21:25:58.000Z</time></trkpt><trkpt lat="42.00563542468268" lon="-2.191788144407671"><time>2026-08-24T21:25:59.000Z</time></trkpt><trkpt lat="42.00563085238059" lon="-2.1917648835453742"><time>2026-08-24T21:26:00.000Z</time></trkpt><trkpt lat="42.005626475196124" lon="-2.191741649376164"><time>2026-08-24T21:26:01.000Z</time></trkpt><trkpt lat="42.005621760951364" lon="-2.1917186848114327"><time>2026-08-24T21:26:02.000Z</time></trkpt><trkpt lat="42.005617023349494" lon="-2.1916959634848747"><time>2026-08-24T21:26:03.000Z</time></trkpt><trkpt lat="42.005612394581796" lon="-2.1916733209160597"><time>2026-08-24T21:26:04.000Z</time></trkpt><trkpt lat="42.00560742550973" lon="-2.1916507710600155"><time>2026-08-24T21:26:05.000Z</time></trkpt><trkpt lat="42.00560246445123" lon="-2.1916283995663353"><time>2026-08-24T21:26:06.000Z</time></trkpt><trkpt lat="42.0055971642161" lon="-2.1916062494165023"><time>2026-08-24T21:26:07.000Z</time></trkpt><trkpt lat="42.005591914963254" lon="-2.1915841568992582"><time>2026-08-24T21:26:08.000Z</time></trkpt><trkpt lat="42.00558638121903" lon="-2.1915622614004375"><time>2026-08-24T21:26:09.000Z</time></trkpt><trkpt lat="42.005580461338226" lon="-2.1915403808321137"><time>2026-08-24T21:26:10.000Z</time></trkpt><trkpt lat="42.00557465263063" lon="-2.191518407687435"><time>2026-08-24T21:26:11.000Z</time></trkpt><trkpt lat="42.005568656025446" lon="-2.1914965237781767"><time>2026-08-24T21:26:12.000Z</time></trkpt><trkpt lat="42.005562372471736" lon="-2.1914747313259317"><time>2026-08-24T21:26:13.000Z</time></trkpt><trkpt lat="42.00555579800642" lon="-2.191453203111239"><time>2026-08-24T21:26:14.000Z</time></trkpt><trkpt lat="42.00554896833543" lon="-2.19143200697706"><time>2026-08-24T21:26:15.000Z</time></trkpt><trkpt lat="42.00554193091894" lon="-2.1914111588420218"><time>2026-08-24T21:26:16.000Z</time></trkpt><trkpt lat="42.00553473196643" lon="-2.1913905593954546"><time>2026-08-24T21:26:17.000Z</time></trkpt><trkpt lat="42.00552790085204" lon="-2.1913700440171335"><time>2026-08-24T21:26:18.000Z</time></trkpt><trkpt lat="42.00552062915698" lon="-2.1913495647215924"><time>2026-08-24T21:26:19.000Z</time></trkpt><trkpt lat="42.00551313010593" lon="-2.191329097115645"><time>2026-08-24T21:26:20.000Z</time></trkpt><trkpt lat="42.005506010303336" lon="-2.191308813257005"><time>2026-08-24T21:26:21.000Z</time></trkpt><trkpt lat="42.00549849167192" lon="-2.19128869921976"><time>2026-08-24T21:26:22.000Z</time></trkpt><trkpt lat="42.00549079457323" lon="-2.191268788673763"><time>2026-08-24T21:26:23.000Z</time></trkpt><trkpt lat="42.00548303266548" lon="-2.1912489775655986"><time>2026-08-24T21:26:24.000Z</time></trkpt><trkpt lat="42.00547526107508" lon="-2.1912292408805683"><time>2026-08-24T21:26:25.000Z</time></trkpt><trkpt lat="42.00546750374765" lon="-2.1912097117680065"><time>2026-08-24T21:26:26.000Z</time></trkpt><trkpt lat="42.005459279103576" lon="-2.1911904184216375"><time>2026-08-24T21:26:27.000Z</time></trkpt><trkpt lat="42.0054509384023" lon="-2.1911713421923436"><time>2026-08-24T21:26:28.000Z</time></trkpt><trkpt lat="42.005442151589314" lon="-2.191152325130493"><time>2026-08-24T21:26:29.000Z</time></trkpt><trkpt lat="42.005433329605566" lon="-2.1911331109891266"><time>2026-08-24T21:26:30.000Z</time></trkpt><trkpt lat="42.00542464620434" lon="-2.191113527730068"><time>2026-08-24T21:26:31.000Z</time></trkpt><trkpt lat="42.00541615515618" lon="-2.1910937048812746"><time>2026-08-24T21:26:32.000Z</time></trkpt><trkpt lat="42.005407364306755" lon="-2.19107391014164"><time>2026-08-24T21:26:33.000Z</time></trkpt><trkpt lat="42.00539859906014" lon="-2.1910543725533835"><time>2026-08-24T21:26:34.000Z</time></trkpt><trkpt lat="42.0053895005319" lon="-2.191034816831437"><time>2026-08-24T21:26:35.000Z</time></trkpt><trkpt lat="42.005380453308256" lon="-2.191015101330998"><time>2026-08-24T21:26:36.000Z</time></trkpt><trkpt lat="42.00537111957916" lon="-2.1909952494266687"><time>2026-08-24T21:26:37.000Z</time></trkpt><trkpt lat="42.00536188660632" lon="-2.190975318852786"><time>2026-08-24T21:26:38.000Z</time></trkpt><trkpt lat="42.0053524113345" lon="-2.190955435285384"><time>2026-08-24T21:26:39.000Z</time></trkpt><trkpt lat="42.00534307319143" lon="-2.190935644448834"><time>2026-08-24T21:26:40.000Z</time></trkpt><trkpt lat="42.00533401083785" lon="-2.19091601447342"><time>2026-08-24T21:26:41.000Z</time></trkpt><trkpt lat="42.005324756371074" lon="-2.190896675173836"><time>2026-08-24T21:26:42.000Z</time></trkpt><trkpt lat="42.00531563136124" lon="-2.1908774591003173"><time>2026-08-24T21:26:43.000Z</time></trkpt><trkpt lat="42.00530626201544" lon="-2.1908582508749244"><time>2026-08-24T21:26:44.000Z</time></trkpt><trkpt lat="42.00529652575343" lon="-2.190839001973879"><time>2026-08-24T21:26:45.000Z</time></trkpt><trkpt lat="42.00528690879634" lon="-2.1908194528288196"><time>2026-08-24T21:26:46.000Z</time></trkpt><trkpt lat="42.00527759607365" lon="-2.1907997492813505"><time>2026-08-24T21:26:47.000Z</time></trkpt><trkpt lat="42.005268624697436" lon="-2.1907798794092312"><time>2026-08-24T21:26:48.000Z</time></trkpt><trkpt lat="42.005259476529794" lon="-2.1907601350559767"><time>2026-08-24T21:26:49.000Z</time></trkpt><trkpt lat="42.00524996087515" lon="-2.190740650902985"><time>2026-08-24T21:26:50.000Z</time></trkpt><trkpt lat="42.00524053597574" lon="-2.190721387818911"><time>2026-08-24T21:26:51.000Z</time></trkpt><trkpt lat="42.00523088929207" lon="-2.190702393116291"><time>2026-08-24T21:26:52.000Z</time></trkpt><trkpt lat="42.00522141018626" lon="-2.1906834682296705"><time>2026-08-24T21:26:53.000Z</time></trkpt><trkpt lat="42.005212237502235" lon="-2.1906643694190766"><time>2026-08-24T21:26:54.000Z</time></trkpt><trkpt lat="42.00520338909179" lon="-2.190645110429131"><time>2026-08-24T21:26:55.000Z</time></trkpt><trkpt lat="42.00519434107625" lon="-2.190625503274459"><time>2026-08-24T21:26:56.000Z</time></trkpt><trkpt lat="42.00518588254515" lon="-2.1906058212294655"><time>2026-08-24T21:26:57.000Z</time></trkpt><trkpt lat="42.00517777320183" lon="-2.190586186449724"><time>2026-08-24T21:26:58.000Z</time></trkpt><trkpt lat="42.00516937965576" lon="-2.190566796179868"><time>2026-08-24T21:26:59.000Z</time></trkpt><trkpt lat="42.00516096714321" lon="-2.1905479144739863"><time>2026-08-24T21:27:00.000Z</time></trkpt><trkpt lat="42.00515313694227" lon="-2.1905293706002973"><time>2026-08-24T21:27:01.000Z</time></trkpt><trkpt lat="42.00514557232986" lon="-2.190511112086836"><time>2026-08-24T21:27:02.000Z</time></trkpt><trkpt lat="42.005138598391596" lon="-2.1904931725003363"><time>2026-08-24T21:27:03.000Z</time></trkpt><trkpt lat="42.00513178358583" lon="-2.1904754329289133"><time>2026-08-24T21:27:04.000Z</time></trkpt><trkpt lat="42.00512590898613" lon="-2.1904580941350296"><time>2026-08-24T21:27:05.000Z</time></trkpt><trkpt lat="42.00512068598" lon="-2.1904417075714537"><time>2026-08-24T21:27:06.000Z</time></trkpt><trkpt lat="42.00511591207615" lon="-2.190426469929498"><time>2026-08-24T21:27:07.000Z</time></trkpt><trkpt lat="42.0051114462403" lon="-2.1904117945395707"><time>2026-08-24T21:27:08.000Z</time></trkpt><trkpt lat="42.00510670123916" lon="-2.190396847416091"><time>2026-08-24T21:27:09.000Z</time></trkpt><trkpt lat="42.00510147106092" lon="-2.1903812893719112"><time>2026-08-24T21:27:10.000Z</time></trkpt><trkpt lat="42.00509622274541" lon="-2.1903651815318557"><time>2026-08-24T21:27:11.000Z</time></trkpt><trkpt lat="42.005090661352476" lon="-2.190348497231979"><time>2026-08-24T21:27:12.000Z</time></trkpt><trkpt lat="42.00508470559895" lon="-2.190331207676933"><time>2026-08-24T21:27:13.000Z</time></trkpt><trkpt lat="42.00507788301467" lon="-2.1903134704934093"><time>2026-08-24T21:27:14.000Z</time></trkpt><trkpt lat="42.00507059988771" lon="-2.1902954692511"><time>2026-08-24T21:27:15.000Z</time></trkpt><trkpt lat="42.00506308265099" lon="-2.190277313441672"><time>2026-08-24T21:27:16.000Z</time></trkpt><trkpt lat="42.005055454604786" lon="-2.1902590679959006"><time>2026-08-24T21:27:17.000Z</time></trkpt><trkpt lat="42.0050482703611" lon="-2.1902409853637788"><time>2026-08-24T21:27:18.000Z</time></trkpt><trkpt lat="42.005042190976894" lon="-2.1902231486157464"><time>2026-08-24T21:27:19.000Z</time></trkpt><trkpt lat="42.005037346890425" lon="-2.1902057134074493"><time>2026-08-24T21:27:20.000Z</time></trkpt><trkpt lat="42.00503412288254" lon="-2.190188722906719"><time>2026-08-24T21:27:21.000Z</time></trkpt><trkpt lat="42.00503197987357" lon="-2.190172382619275"><time>2026-08-24T21:27:22.000Z</time></trkpt><trkpt lat="42.005030557107965" lon="-2.190157213936617"><time>2026-08-24T21:27:23.000Z</time></trkpt><trkpt lat="42.005029613572404" lon="-2.190143893224725"><time>2026-08-24T21:27:24.000Z</time></trkpt><trkpt lat="42.00502898850112" lon="-2.1901327678560505"><time>2026-08-24T21:27:25.000Z</time></trkpt><trkpt lat="42.005028085200365" lon="-2.1901232095105563"><time>2026-08-24T21:27:26.000Z</time></trkpt><trkpt lat="42.005026204031495" lon="-2.190113779078807"><time>2026-08-24T21:27:27.000Z</time></trkpt><trkpt lat="42.00502367197848" lon="-2.190103133054083"><time>2026-08-24T21:27:28.000Z</time></trkpt><trkpt lat="42.00502070724422" lon="-2.190090782353042"><time>2026-08-24T21:27:29.000Z</time></trkpt><trkpt lat="42.00501745522593" lon="-2.1900766219448244"><time>2026-08-24T21:27:30.000Z</time></trkpt><trkpt lat="42.00501352306489" lon="-2.1900609020487236"><time>2026-08-24T21:27:31.000Z</time></trkpt><trkpt lat="42.005009815485295" lon="-2.1900443542805883"><time>2026-08-24T21:27:32.000Z</time></trkpt><trkpt lat="42.005007165868676" lon="-2.190028120616274"><time>2026-08-24T21:27:33.000Z</time></trkpt><trkpt lat="42.00500774008387" lon="-2.190016241923084"><time>2026-08-24T21:27:34.000Z</time></trkpt><trkpt lat="42.00501103711271" lon="-2.190011506447478"><time>2026-08-24T21:27:35.000Z</time></trkpt><trkpt lat="42.00501650115021" lon="-2.190014482268464"><time>2026-08-24T21:27:36.000Z</time></trkpt><trkpt lat="42.00502313555443" lon="-2.1900241076000424"><time>2026-08-24T21:27:37.000Z</time></trkpt><trkpt lat="42.0050303796602" lon="-2.1900389693060585"><time>2026-08-24T21:27:38.000Z</time></trkpt><trkpt lat="42.005037434702004" lon="-2.1900576909265324"><time>2026-08-24T21:27:39.000Z</time></trkpt><trkpt lat="42.00504448559827" lon="-2.1900790265711847"><time>2026-08-24T21:27:40.000Z</time></trkpt><trkpt lat="42.00505111942602" lon="-2.1901018522288327"><time>2026-08-24T21:27:41.000Z</time></trkpt><trkpt lat="42.00505770927054" lon="-2.190125605555267"><time>2026-08-24T21:27:42.000Z</time></trkpt><trkpt lat="42.005063924815346" lon="-2.190149813490851"><time>2026-08-24T21:27:43.000Z</time></trkpt><trkpt lat="42.00507016767653" lon="-2.190174131063464"><time>2026-08-24T21:27:44.000Z</time></trkpt><trkpt lat="42.005076110136336" lon="-2.1901984939323267"><time>2026-08-24T21:27:45.000Z</time></trkpt><trkpt lat="42.00508263500698" lon="-2.190222288373446"><time>2026-08-24T21:27:46.000Z</time></trkpt><trkpt lat="42.00509003110841" lon="-2.1902451509876735"><time>2026-08-24T21:27:47.000Z</time></trkpt><trkpt lat="42.00509830556517" lon="-2.1902662254957734"><time>2026-08-24T21:27:48.000Z</time></trkpt><trkpt lat="42.00510832779704" lon="-2.190284225928896"><time>2026-08-24T21:27:49.000Z</time></trkpt><trkpt lat="42.00512023153579" lon="-2.1902983134197904"><time>2026-08-24T21:27:50.000Z</time></trkpt><trkpt lat="42.00513383036807" lon="-2.1903083081078596"><time>2026-08-24T21:27:51.000Z</time></trkpt><trkpt lat="42.00514834034932" lon="-2.1903152426381687"><time>2026-08-24T21:27:52.000Z</time></trkpt><trkpt lat="42.00516332168046" lon="-2.1903199962563336"><time>2026-08-24T21:27:53.000Z</time></trkpt><trkpt lat="42.00517853274051" lon="-2.190323302783783"><time>2026-08-24T21:27:54.000Z</time></trkpt><trkpt lat="42.00519433414714" lon="-2.1903249769499538"><time>2026-08-24T21:27:55.000Z</time></trkpt><trkpt lat="42.00520981942342" lon="-2.190325029562693"><time>2026-08-24T21:27:56.000Z</time></trkpt><trkpt lat="42.00522465582677" lon="-2.190323214187006"><time>2026-08-24T21:27:57.000Z</time></trkpt><trkpt lat="42.00523878960456" lon="-2.1903199750928675"><time>2026-08-24T21:27:58.000Z</time></trkpt><trkpt lat="42.005252778411204" lon="-2.1903159533835486"><time>2026-08-24T21:27:59.000Z</time></trkpt><trkpt lat="42.0052663809036" lon="-2.1903106873163103"><time>2026-08-24T21:28:00.000Z</time></trkpt><trkpt lat="42.005278568050215" lon="-2.19030365683093"><time>2026-08-24T21:28:01.000Z</time></trkpt><trkpt lat="42.00528811849781" lon="-2.1902950272129824"><time>2026-08-24T21:28:02.000Z</time></trkpt><trkpt lat="42.0052948676687" lon="-2.190284735171522"><time>2026-08-24T21:28:03.000Z</time></trkpt><trkpt lat="42.005298617713336" lon="-2.190273243416741"><time>2026-08-24T21:28:04.000Z</time></trkpt><trkpt lat="42.00530065130521" lon="-2.1902611718954885"><time>2026-08-24T21:28:05.000Z</time></trkpt><trkpt lat="42.005302206606785" lon="-2.1902484525260713"><time>2026-08-24T21:28:06.000Z</time></trkpt><trkpt lat="42.005304344533094" lon="-2.190236027839756"><time>2026-08-24T21:28:07.000Z</time></trkpt><trkpt lat="42.00530742722533" lon="-2.190224768391501"><time>2026-08-24T21:28:08.000Z</time></trkpt><trkpt lat="42.00531197217666" lon="-2.19021506675231"><time>2026-08-24T21:28:09.000Z</time></trkpt><trkpt lat="42.005318004829284" lon="-2.190207129458889"><time>2026-08-24T21:28:10.000Z</time></trkpt><trkpt lat="42.005324855106316" lon="-2.190200600914185"><time>2026-08-24T21:28:11.000Z</time></trkpt><trkpt lat="42.00533263171751" lon="-2.1901947254514176"><time>2026-08-24T21:28:12.000Z</time></trkpt><trkpt lat="42.00534175015021" lon="-2.190188710231101"><time>2026-08-24T21:28:13.000Z</time></trkpt><trkpt lat="42.00535171968457" lon="-2.190182246673167"><time>2026-08-24T21:28:14.000Z</time></trkpt><trkpt lat="42.00536271859882" lon="-2.1901753570394975"><time>2026-08-24T21:28:15.000Z</time></trkpt><trkpt lat="42.00537468819451" lon="-2.1901681969864453"><time>2026-08-24T21:28:16.000Z</time></trkpt><trkpt lat="42.00538747971218" lon="-2.1901609265277324"><time>2026-08-24T21:28:17.000Z</time></trkpt><trkpt lat="42.00540092639527" lon="-2.1901535033300905"><time>2026-08-24T21:28:18.000Z</time></trkpt><trkpt lat="42.005414875478394" lon="-2.1901456235564414"><time>2026-08-24T21:28:19.000Z</time></trkpt><trkpt lat="42.00542870995476" lon="-2.1901368840700832"><time>2026-08-24T21:28:20.000Z</time></trkpt><trkpt lat="42.005442680040616" lon="-2.1901273821920215"><time>2026-08-24T21:28:21.000Z</time></trkpt><trkpt lat="42.00545638176747" lon="-2.1901171640521215"><time>2026-08-24T21:28:22.000Z</time></trkpt><trkpt lat="42.0054696832111" lon="-2.1901065547839687"><time>2026-08-24T21:28:23.000Z</time></trkpt><trkpt lat="42.00548307102707" lon="-2.190095799690462"><time>2026-08-24T21:28:24.000Z</time></trkpt><trkpt lat="42.00549624494" lon="-2.1900848349079975"><time>2026-08-24T21:28:25.000Z</time></trkpt><trkpt lat="42.0055091087406" lon="-2.190073508045354"><time>2026-08-24T21:28:26.000Z</time></trkpt><trkpt lat="42.00552166260912" lon="-2.1900620170198346"><time>2026-08-24T21:28:27.000Z</time></trkpt><trkpt lat="42.00553443600973" lon="-2.1900507398164137"><time>2026-08-24T21:28:28.000Z</time></trkpt><trkpt lat="42.00554712920621" lon="-2.1900401718661304"><time>2026-08-24T21:28:29.000Z</time></trkpt><trkpt lat="42.00556060827249" lon="-2.1900311911890338"><time>2026-08-24T21:28:30.000Z</time></trkpt><trkpt lat="42.00557463941089" lon="-2.190023374246338"><time>2026-08-24T21:28:31.000Z</time></trkpt><trkpt lat="42.00558856586748" lon="-2.1900159688378076"><time>2026-08-24T21:28:32.000Z</time></trkpt><trkpt lat="42.00560262021546" lon="-2.1900081839532235"><time>2026-08-24T21:28:33.000Z</time></trkpt><trkpt lat="42.00561639221096" lon="-2.1899995283287303"><time>2026-08-24T21:28:34.000Z</time></trkpt><trkpt lat="42.00562974914138" lon="-2.1899901562089488"><time>2026-08-24T21:28:35.000Z</time></trkpt><trkpt lat="42.00564317923482" lon="-2.1899808350913172"><time>2026-08-24T21:28:36.000Z</time></trkpt><trkpt lat="42.00565687416957" lon="-2.189971660306179"><time>2026-08-24T21:28:37.000Z</time></trkpt><trkpt lat="42.00567087889312" lon="-2.189963264345469"><time>2026-08-24T21:28:38.000Z</time></trkpt><trkpt lat="42.005684682544825" lon="-2.1899539410890365"><time>2026-08-24T21:28:39.000Z</time></trkpt><trkpt lat="42.005697121321255" lon="-2.189942647906756"><time>2026-08-24T21:28:40.000Z</time></trkpt><trkpt lat="42.005707891109026" lon="-2.1899295448530745"><time>2026-08-24T21:28:41.000Z</time></trkpt><trkpt lat="42.005717570486894" lon="-2.189915817557251"><time>2026-08-24T21:28:42.000Z</time></trkpt><trkpt lat="42.00572604807473" lon="-2.1899026158340957"><time>2026-08-24T21:28:43.000Z</time></trkpt><trkpt lat="42.0057334322504" lon="-2.189890743567863"><time>2026-08-24T21:28:44.000Z</time></trkpt><trkpt lat="42.00574039759596" lon="-2.189879963382484"><time>2026-08-24T21:28:45.000Z</time></trkpt><trkpt lat="42.005746786072365" lon="-2.1898699455496624"><time>2026-08-24T21:28:46.000Z</time></trkpt><trkpt lat="42.00575309624478" lon="-2.1898607624361306"><time>2026-08-24T21:28:47.000Z</time></trkpt><trkpt lat="42.00575905387855" lon="-2.189851847099346"><time>2026-08-24T21:28:48.000Z</time></trkpt><trkpt lat="42.005765080893106" lon="-2.1898429622853883"><time>2026-08-24T21:28:49.000Z</time></trkpt><trkpt lat="42.00577085253341" lon="-2.189834189971603"><time>2026-08-24T21:28:50.000Z</time></trkpt><trkpt lat="42.00577675744202" lon="-2.1898259166877336"><time>2026-08-24T21:28:51.000Z</time></trkpt><trkpt lat="42.00578293857013" lon="-2.1898181151672285"><time>2026-08-24T21:28:52.000Z</time></trkpt><trkpt lat="42.00578941933743" lon="-2.1898108972346813"><time>2026-08-24T21:28:53.000Z</time></trkpt><trkpt lat="42.00579617093072" lon="-2.189804111637903"><time>2026-08-24T21:28:54.000Z</time></trkpt><trkpt lat="42.005803146723636" lon="-2.1897971509859375"><time>2026-08-24T21:28:55.000Z</time></trkpt><trkpt lat="42.0058098091276" lon="-2.1897898488043306"><time>2026-08-24T21:28:56.000Z</time></trkpt><trkpt lat="42.00581597696869" lon="-2.1897819661635167"><time>2026-08-24T21:28:58.000Z</time></trkpt></trkseg></trk></gpx>